name,brand,category,dimensions,description,image_url,galeria_urls,file_2d_url,file_3d_url
Poltrona Verena,"Folio + Estúdio Felipe Madeira MOBILIÁRIO EXCLUSIVO BOOBAM Encontre nas lojas físicas ou online CLIQUE AQUI – SITE BOOBAM Encontre uma loja mais próxima Galeria Descrição Com alma vintage, a poltrona Verena reverência proporções e linhas do modernismo brasileiro, ao mesmo tempo em que afirma uma presença precisa e contemporânea",Poltrona,,"Com alma vintage, a poltrona Verena reverência proporções e linhas do modernismo brasileiro, ao mesmo tempo em que afirma uma presença precisa e contemporânea. Resultado de um estudo atento da produção do mobiliário das décadas de 60 e 70, esta peça foi pensada para um sentar desacelerado, que convida a permanecer, conversar e habitar o tempo com tranquilidade.Folio + Estúdio Felipe Madeira para Boobam. Disponível na Rua Fradique Coutinho, 967 – São Paulo, na Rua Garcia d’Ávila, 73 – Ipanema, Rio de Janeiro ou no site online. MOBILIÁRIO EXCLUSIVO BOOBAM.",https://folioliving.com.br/assets/uploads/2026/05/1-scaled.jpg,"[""https://folioliving.com.br/assets/uploads/2026/05/4-scaled.jpg"", ""https://folioliving.com.br/assets/uploads/2026/05/2-scaled.jpg"", ""https://folioliving.com.br/assets/uploads/2026/05/8-scaled.jpg"", ""https://folioliving.com.br/assets/uploads/2026/05/9-scaled.jpg"", ""https://folioliving.com.br/assets/uploads/2026/05/3-scaled.jpg"", ""https://folioliving.com.br/assets/uploads/2026/05/6-scaled.jpg"", ""https://folioliving.com.br/assets/uploads/2026/05/7-scaled.jpg"", ""https://folioliving.com.br/assets/uploads/2026/05/5-scaled.jpg""]",,https://3dwarehouse.sketchup.com/model/f461bb0e-b90b-449c-ab5d-52991248b013/Poltrona-Puff-Verena
Poltrona Canoa,Ricardo Van Steen A partir de: R$41,Poltrona,"080x094x073 *Mobiliário com ampla personalização, variando os valores de acordo com o acabamento e dimensão escolhidos* solicite seu orçamento Encontre uma loja mais próxima Galeria Descrição A poltrona Canoa, de Ricardo Van Steen, é uma peça de forte expressão modernista, inspirada na paisagem de Paraty e nas canoas que pontuam o mar da cidade","A poltrona Canoa, de Ricardo Van Steen, é uma peça de forte expressão modernista, inspirada na paisagem de Paraty e nas canoas que pontuam o mar da cidade. Suas linhas fluidas e alongadas evocam o desenho dessas embarcações, traduzido em uma forma elegante e acolhedora.",https://folioliving.com.br/assets/uploads/2026/04/1-6-scaled.jpg,"[""https://folioliving.com.br/assets/uploads/2026/04/5-5-scaled.jpg"", ""https://folioliving.com.br/assets/uploads/2026/04/7-2-scaled.jpg"", ""https://folioliving.com.br/assets/uploads/2026/04/6-4-scaled.jpg"", ""https://folioliving.com.br/assets/uploads/2026/04/2-3-scaled.jpg"", ""https://folioliving.com.br/assets/uploads/2026/04/3-4-scaled.jpg"", ""https://folioliving.com.br/assets/uploads/2026/04/4-4-scaled.jpg""]",,https://3dwarehouse.sketchup.com/model/651b4892-e404-433d-9063-525b4040be97/Poltrona-Canoa
Poltrona Piranga,Ricardo Van Steen A partir de: R$39,Poltrona,"110x100x070 *Mobiliário com ampla personalização, variando os valores de acordo com o acabamento e dimensão escolhidos* solicite seu orçamento Encontre uma loja mais próxima Galeria Descrição A poltrona Piranga, de Ricardo Van Steen, é inspirada na forma de uma tartaruga brasileira, trazendo um design marcante de volume arredondado","A poltrona Piranga, de Ricardo Van Steen, é inspirada na forma de uma tartaruga brasileira, trazendo um design marcante de volume arredondado. Seu principal destaque está nas camadas de tecido enrugado, que criam textura e profundidade visual, ao mesmo tempo em que reforçam a sensação de aconchego. Apesar do visual escultural, é uma peça extremamente confortável, pensada para envolver o corpo com suavidade.",https://folioliving.com.br/assets/uploads/2026/04/POLTRONA-PIRANGA-scaled.jpg,"[""https://folioliving.com.br/assets/uploads/2026/04/3-6-scaled.jpg"", ""https://folioliving.com.br/assets/uploads/2026/04/1-9-scaled.jpg"", ""https://folioliving.com.br/assets/uploads/2026/04/2-5-scaled.jpg"", ""https://folioliving.com.br/assets/uploads/2026/04/4-5-scaled.jpg"", ""https://folioliving.com.br/assets/uploads/2026/04/6-5-scaled.jpg"", ""https://folioliving.com.br/assets/uploads/2026/04/5-6-scaled.jpg""]",,
Poltrona Tinga,Ricardo Van Steen A partir de: R$35,Poltrona,"102x080x068 *Mobiliário com ampla personalização, variando os valores de acordo com o acabamento e dimensão escolhidos* solicite seu orçamento Encontre uma loja mais próxima Galeria Descrição A poltrona Tinga revela uma linguagem escultural de volumes contínuos, evocando a silhueta serena da tartaruga brasileira","A poltrona Tinga revela uma linguagem escultural de volumes contínuos, evocando a silhueta serena da tartaruga brasileira. Suas formas generosas e bem resolvidas criam um gesto envolvente, onde o assento parece flutuar dentro de uma concha acolhedora. Um equilíbrio preciso entre sofisticação tátil e presença arquitetônica, pensado para compor ambientes com identidade.",https://folioliving.com.br/assets/uploads/2026/04/7-5-scaled.jpg,"[""https://folioliving.com.br/assets/uploads/2026/04/2-9-scaled.jpg"", ""https://folioliving.com.br/assets/uploads/2026/04/1-15-scaled.jpg"", ""https://folioliving.com.br/assets/uploads/2026/04/4-8-scaled.jpg"", ""https://folioliving.com.br/assets/uploads/2026/04/3-10-scaled.jpg""]",,
Poltrona Siesta Metal,Ricardo Van Steen A partir de: R$34,Poltrona,"076x095x076 *Mobiliário com ampla personalização, variando os valores de acordo com o acabamento e dimensão escolhidos* solicite seu orçamento Encontre uma loja mais próxima Galeria Descrição A poltrona Siesta Metal explora um desenho contínuo em balanço, com uma estrutura de traço preciso que envolve o corpo da peça de forma quase linear","A poltrona Siesta Metal explora um desenho contínuo em balanço, com uma estrutura de traço preciso que envolve o corpo da peça de forma quase linear. O assento, formado por módulos segmentados, cria uma superfície flexível que acompanha o relaxamento, enquanto a face inferior revela um padrão perfurado ou não que reforça sua linguagem técnica. Adaptável a diferentes contextos, transita com naturalidade entre ambientes internos e externos.",https://folioliving.com.br/assets/uploads/2026/04/1-14-scaled.jpg,"[""https://folioliving.com.br/assets/uploads/2026/04/5-9-scaled.jpg"", ""https://folioliving.com.br/assets/uploads/2026/04/4-7-scaled.jpg"", ""https://folioliving.com.br/assets/uploads/2026/04/3-9-scaled.jpg"", ""https://folioliving.com.br/assets/uploads/2026/04/2-8-scaled.jpg""]",,https://3dwarehouse.sketchup.com/model/466b048c-37d5-4ae2-a1e7-8621736e6f5f/Poltrona-Siesta-Metal
Poltrona Siesta Balanço,Ricardo Van Steen A partir de: R$33,Poltrona,"076x095x076 *Mobiliário com ampla personalização, variando os valores de acordo com o acabamento e dimensão escolhidos* solicite seu orçamento Encontre uma loja mais próxima Galeria Descrição A poltrona Siesta revela o modernismo brasileiro em sua lateral contínua e esculpida, onde a madeira maciça desenha um volume único, quase monolítico, marcado por encaixes aparentes que evidenciam sua construção","A poltrona Siesta revela o modernismo brasileiro em sua lateral contínua e esculpida, onde a madeira maciça desenha um volume único, quase monolítico, marcado por encaixes aparentes que evidenciam sua construção. O estofado se acomoda dentro da estrutura como um convite ao descanso. Versão em balanço.",https://folioliving.com.br/assets/uploads/2026/04/1-10-scaled.jpg,"[""https://folioliving.com.br/assets/uploads/2026/04/6-6-scaled.jpg"", ""https://folioliving.com.br/assets/uploads/2026/04/4-6-scaled.jpg"", ""https://folioliving.com.br/assets/uploads/2026/04/7-3-scaled.jpg"", ""https://folioliving.com.br/assets/uploads/2026/04/5-7-scaled.jpg"", ""https://folioliving.com.br/assets/uploads/2026/04/3-7-scaled.jpg"", ""https://folioliving.com.br/assets/uploads/2026/04/2-6-scaled.jpg""]",,https://3dwarehouse.sketchup.com/model/0685edf3-0390-4c55-9b38-323c74e4fe3b/Poltrona-Siesta-Balan%C3%A7o
Mesa de Jantar Piano,Ricardo Van Steen A partir de: R$43,Mesa de Jantar,"185x090x076 *Mobiliário com ampla personalização, variando os valores de acordo com o acabamento e dimensão escolhidos* solicite seu orçamento Encontre uma loja mais próxima Galeria Descrição A mesa de jantar Piano, assinada por Ricardo Van Steen , destaca-se pelo caráter escultórico e contemporâneo, combinando uma estrutura leve em aço carbono com um tampo enriquecido por cerâmicas artesanais aplicadas manualmente","A mesa de jantar Piano, assinada porRicardo Van Steen, destaca-se pelo caráter escultórico e contemporâneo, combinando uma estrutura leve em aço carbono com um tampo enriquecido por cerâmicas artesanais aplicadas manualmente. Essa composição une precisão industrial e expressão artesanal, criando uma peça única, marcada por textura, variações cromáticas e forte presença estética no ambiente.",https://folioliving.com.br/assets/uploads/2026/04/1-3-scaled.jpg,"[""https://folioliving.com.br/assets/uploads/2026/04/4-2-scaled.jpg"", ""https://folioliving.com.br/assets/uploads/2026/04/2-1-scaled.jpg"", ""https://folioliving.com.br/assets/uploads/2026/04/5-3-scaled.jpg"", ""https://folioliving.com.br/assets/uploads/2026/04/9-1-scaled.jpg"", ""https://folioliving.com.br/assets/uploads/2026/04/3-2-scaled.jpg"", ""https://folioliving.com.br/assets/uploads/2026/04/6-2-scaled.jpg""]",,https://3dwarehouse.sketchup.com/model/d2a16519-2b3f-463b-96a2-e4302f487414/Mesa-de-Jantar-Piano
Cômoda Taormina,Ricardo Van Steen A partir de: R$51,Cômoda,"280x120x075 *Mobiliário com ampla personalização, variando os valores de acordo com o acabamento e dimensão escolhidos* solicite seu orçamento Encontre uma loja mais próxima Galeria Descrição A Cômoda Taormina, de Ricardo Van Steen, se destaca pelo uso expressivo de materiais e pelo caráter artesanal de sua composição","A Cômoda Taormina, de Ricardo Van Steen, se destaca pelo uso expressivo de materiais e pelo caráter artesanal de sua composição. Suas portas e laterais são revestidas em ripado de lajota artesanal, criando uma superfície rica em textura, profundidade e variações naturais. O desenho equilibra volumes sólidos e linhas limpas, valorizando o contraste entre a base mais leve e o corpo marcante da peça.",https://folioliving.com.br/assets/uploads/2026/04/1-1-scaled.jpg,"[""https://folioliving.com.br/assets/uploads/2026/04/4-scaled.jpg"", ""https://folioliving.com.br/assets/uploads/2026/04/3-scaled.jpg"", ""https://folioliving.com.br/assets/uploads/2026/04/5-1-scaled.jpg"", ""https://folioliving.com.br/assets/uploads/2026/04/2-scaled.jpg""]",,
Mesa de Centro Piano Redonda,Ricardo Van Steen A partir de: R$13,Mesa de Centro,"075Øx038H *Mobiliário com ampla personalização, variando os valores de acordo com o acabamento e dimensão escolhidos* solicite seu orçamento Encontre uma loja mais próxima Galeria Descrição A mesa de centro Piano redonda, assinada por Ricardo Van Steen, combina sofisticação e leveza estrutural em um design contemporâneo","A mesa de centro Piano redonda, assinada por Ricardo Van Steen, combina sofisticação e leveza estrutural em um design contemporâneo. Seu tampo em ardósia polido tem superfície lisa e destaca a textura natural da pedra. A base em estrutura Lumen brilho, com linhas retas e geometria cruzada, cria contraste com o formato circular do tampo e reforça a estabilidade da peça.",https://folioliving.com.br/assets/uploads/2026/04/2-capa-1-scaled.jpg,"[""https://folioliving.com.br/assets/uploads/2026/04/5-2-scaled.jpg"", ""https://folioliving.com.br/assets/uploads/2026/04/6-1-scaled.jpg"", ""https://folioliving.com.br/assets/uploads/2026/04/4-1-scaled.jpg"", ""https://folioliving.com.br/assets/uploads/2026/04/3-1-scaled.jpg""]",,
Mesa Lateral Piano Redonda,Ricardo Van Steen A partir de: R$11,Mesa Lateral,"060Øx049H *Mobiliário com ampla personalização, variando os valores de acordo com o acabamento e dimensão escolhidos* solicite seu orçamento Encontre uma loja mais próxima Galeria Descrição A mesa lateral Piano, de Ricardo Van Steen, traduz a mesma linguagem contemporânea da linha em uma escala mais compacta e versátil","A mesa lateral Piano, de Ricardo Van Steen, traduz a mesma linguagem contemporânea da linha em uma escala mais compacta e versátil. Com estrutura em aço carbono e acabamento refinado, a peça ganha destaque pelo tampo, que pode ser produzido em cerâmica artesanal aplicada manualmente ou em vidro fusing colorido, oferecendo diferentes possibilidades estéticas.",https://folioliving.com.br/assets/uploads/2026/04/1-4-scaled.jpg,"[""https://folioliving.com.br/assets/uploads/2026/04/5-4-scaled.jpg"", ""https://folioliving.com.br/assets/uploads/2026/04/3-3-scaled.jpg"", ""https://folioliving.com.br/assets/uploads/2026/04/8-1-scaled.jpg"", ""https://folioliving.com.br/assets/uploads/2026/04/7-1-scaled.jpg"", ""https://folioliving.com.br/assets/uploads/2026/04/2-2-scaled.jpg"", ""https://folioliving.com.br/assets/uploads/2026/04/4-3-scaled.jpg"", ""https://folioliving.com.br/assets/uploads/2026/04/1-5-scaled.jpg"", ""https://folioliving.com.br/assets/uploads/2026/04/6-3-scaled.jpg"", ""https://folioliving.com.br/assets/uploads/2026/04/9-2-scaled.jpg"", ""https://folioliving.com.br/assets/uploads/2026/04/10-1-scaled.jpg""]",,https://3dwarehouse.sketchup.com/model/92f2603c-6dc9-4b23-96f4-df6007e95b05/Mesa-Lateral-Piano-Redonda
Mesa de Jantar Fall,Folio A partir de: R$32,Mesa de Jantar,"280x120x075 *Mobiliário com ampla personalização, variando os valores de acordo com o acabamento e dimensão escolhidos* solicite seu orçamento Encontre uma loja mais próxima Galeria Descrição A mesa de jantar Fall combina pureza formal e força escultórica em um desenho bem resolvido","A mesa de jantar Fall combina pureza formal e força escultórica em um desenho bem resolvido. Seus quatro cilindros elípticos de madeira, dispostos de forma espaçada, criam ritmo visual e estabilidade estrutural. O tampo bipartido em pedra natural adiciona personalidade e faz da peça o centro de qualquer ambiente. Disponível em oito tamanhos com múltiplos acabamentos.",https://folioliving.com.br/assets/uploads/2025/11/01-1-scaled.jpg,"[""https://folioliving.com.br/assets/uploads/2025/11/07-scaled.jpg"", ""https://folioliving.com.br/assets/uploads/2025/11/04-scaled.jpg"", ""https://folioliving.com.br/assets/uploads/2025/11/03-scaled.jpg"", ""https://folioliving.com.br/assets/uploads/2025/11/9-1-scaled.jpg"", ""https://folioliving.com.br/assets/uploads/2025/11/10-scaled.jpg"", ""https://folioliving.com.br/assets/uploads/2025/11/06-scaled.jpg"", ""https://folioliving.com.br/assets/uploads/2025/11/08-scaled.jpg"", ""https://folioliving.com.br/assets/uploads/2025/11/02-scaled.jpg""]",,https://3dwarehouse.sketchup.com/model/17f10448-ec75-4de2-b7c0-0da24e29a08f/Mesa-de-Jantar-Fall
Mesa Lateral Orion,Folio A partir de: R$8,Mesa Lateral,"038×036,5x055h *Mobiliário com ampla personalização, variando os valores de acordo com o acabamento e dimensão escolhidos* solicite seu orçamento Encontre uma loja mais próxima Galeria Descrição A mesa lateral Orion, apresenta um acabamento prateado espelhado de alto brilho (tecido), e um design de forma orgânica, com curvas suaves que lembram um contorno fluido e escultórico — uma peça moderna que funciona como ponto de destaque no ambiente","A mesa lateral Orion, apresenta um acabamento prateado espelhado de alto brilho (tecido), e um design de forma orgânica, com curvas suaves que lembram um contorno fluido e escultórico — uma peça moderna que funciona como ponto de destaque no ambiente. Disponível em tamanho único com múltiplos acabamentos.",https://folioliving.com.br/assets/uploads/2025/11/1-scaled.jpg,"[""https://folioliving.com.br/assets/uploads/2025/11/7-scaled.jpg"", ""https://folioliving.com.br/assets/uploads/2025/11/8-scaled.jpg"", ""https://folioliving.com.br/assets/uploads/2025/11/3-1-scaled.jpg"", ""https://folioliving.com.br/assets/uploads/2025/11/9-scaled.jpg"", ""https://folioliving.com.br/assets/uploads/2025/11/5-scaled.jpg""]",,https://3dwarehouse.sketchup.com/model/d8a6de98-f628-4623-9ceb-9bc6ca6d58e5/Mesa-Lateral-Orion
Poltrona Siesta Fixa,Ricardo Van Steen A partir de: R$34,Poltrona,"076x095x076 *Mobiliário com ampla personalização, variando os valores de acordo com o acabamento e dimensão escolhidos* solicite seu orçamento Encontre uma loja mais próxima Galeria Descrição A poltrona Siesta revela o modernismo brasileiro em sua lateral contínua e esculpida, onde a madeira maciça desenha um volume único, quase monolítico, marcado por encaixes aparentes que evidenciam sua construção","A poltrona Siesta revela o modernismo brasileiro em sua lateral contínua e esculpida, onde a madeira maciça desenha um volume único, quase monolítico, marcado por encaixes aparentes que evidenciam sua construção. O estofado se acomoda dentro da estrutura como um convite ao descanso.",https://folioliving.com.br/assets/uploads/2026/04/1-12-scaled.jpg,"[""https://folioliving.com.br/assets/uploads/2026/04/3-8-scaled.jpg"", ""https://folioliving.com.br/assets/uploads/2026/04/6-7-scaled.jpg"", ""https://folioliving.com.br/assets/uploads/2026/04/7-4-scaled.jpg"", ""https://folioliving.com.br/assets/uploads/2026/04/5-8-scaled.jpg"", ""https://folioliving.com.br/assets/uploads/2026/04/1-13-scaled.jpg"", ""https://folioliving.com.br/assets/uploads/2026/04/2-7-scaled.jpg""]",,http://3dwarehouse.sketchup.com/model/bd9ab312-eab7-40d9-8725-51176fd58d00/Poltrona-Siesta-Fixa
Cadeira Piano,Ricardo Van Steen A partir de: R$7,Cadeira,"050x054x078 *Mobiliário com ampla personalização, variando os valores de acordo com o acabamento e dimensão escolhidos* solicite seu orçamento Encontre uma loja mais próxima Galeria Descrição A Cadeira Piano, de Ricardo Van Steen, combina leveza estrutural e riqueza artesanal em um desenho contemporâneo","A Cadeira Piano, de Ricardo Van Steen, combina leveza estrutural e riqueza artesanal em um desenho contemporâneo. Seu assento e encosto são tramados à mão, criando um jogo de cheios e vazios que valoriza a textura e o trabalho manual, enquanto a estrutura em aço carbono reforça a sensação de fluidez. Disponível em fio de couro, rami e corda náutica, a peça se adapta a diferentes propostas.",https://folioliving.com.br/assets/uploads/2026/04/1-scaled.jpg,"[""https://folioliving.com.br/assets/uploads/2026/04/10-scaled.jpg"", ""https://folioliving.com.br/assets/uploads/2026/04/7-scaled.jpg"", ""https://folioliving.com.br/assets/uploads/2026/04/5-scaled.jpg"", ""https://folioliving.com.br/assets/uploads/2026/04/9-scaled.jpg"", ""https://folioliving.com.br/assets/uploads/2026/04/8-scaled.jpg"", ""https://folioliving.com.br/assets/uploads/2026/04/6-scaled.jpg""]",,
Poltrona 011,Flipê Arquitetura + Nati Minas & Studio A partir de: R$16,Poltrona,"080x090x070 *Mobiliário com ampla personalização, variando os valores de acordo com o acabamento e dimensão escolhidos* solicite seu orçamento Encontre uma loja mais próxima Galeria Descrição Inspirada na pureza das formas geométricas, a Namoradeira 011 é uma síntese entre design escultural e funcionalidade ergonômica","Inspirada na pureza das formas geométricas, a Namoradeira 011 é uma síntese entre design escultural e funcionalidade ergonômica. Sua estrutura deriva da sobreposição de duas elipses, resultando em uma peça de expressão e ao mesmo tempo acolhedora. O nome 011 é uma homenagem à cidade de São Paulo, onde nasceu o conceito da peça, pensada especialmente para o Apartamento 011, localizado em um icônico prédio antigo na Consolação. Essa área, um marco na pulsante metrópole paulistana, reflete o diálogo entre passado e presente que permeia o design dela. Assinada pela Flipê Arquitetura + Nati Minas & Studio.",https://folioliving.com.br/assets/uploads/2023/06/21-1-scaled.jpg,"[""https://folioliving.com.br/assets/uploads/2023/06/12-4.jpg"", ""https://folioliving.com.br/assets/uploads/2023/06/13-1.jpg"", ""https://folioliving.com.br/assets/uploads/2023/06/2-53-scaled.jpg"", ""https://folioliving.com.br/assets/uploads/2023/06/7-18-scaled.jpg"", ""https://folioliving.com.br/assets/uploads/2023/06/4-47-scaled.jpg"", ""https://folioliving.com.br/assets/uploads/2023/06/11-8.jpg"", ""https://folioliving.com.br/assets/uploads/2023/06/10-12.jpg"", ""https://folioliving.com.br/assets/uploads/2023/06/14.jpg"", ""https://folioliving.com.br/assets/uploads/2023/06/18-scaled.jpg"", ""https://folioliving.com.br/assets/uploads/2023/06/19-scaled.jpg"", ""https://folioliving.com.br/assets/uploads/2023/06/20-scaled.jpg"", ""https://folioliving.com.br/assets/uploads/2023/06/17-1-scaled.jpg""]",,https://3dwarehouse.sketchup.com/model/ee51a611-7fd8-4861-b066-8fcf8dd41677/Poltrona-011
Buffet Path,Folio A partir de: R$26,Buffet,"255x050x075 *Mobiliário com ampla personalização, variando os valores de acordo com o acabamento e dimensão escolhidos* solicite seu orçamento Encontre uma loja mais próxima Galeria Descrição O buffet Path destaca-se pela pureza das formas e pelo contraste de materiais","O buffet Path destaca-se pela pureza das formas e pelo contraste de materiais. Os volumes em madeira de cantos suaves repousam sobre bases cilíndricas com textura, resultando em uma peça de presença marcante e equilíbrio visual. Disponível em três tamanhos com múltiplos acabamentos.",https://folioliving.com.br/assets/uploads/2025/10/1-3-scaled.jpg,"[""https://folioliving.com.br/assets/uploads/2025/10/6-1-scaled.jpg"", ""https://folioliving.com.br/assets/uploads/2025/10/3-1-scaled.jpg"", ""https://folioliving.com.br/assets/uploads/2025/10/5-1-scaled.jpg"", ""https://folioliving.com.br/assets/uploads/2025/10/9-scaled.jpg"", ""https://folioliving.com.br/assets/uploads/2025/10/2-1-scaled.jpg"", ""https://folioliving.com.br/assets/uploads/2025/10/4-1-scaled.jpg"", ""https://folioliving.com.br/assets/uploads/2025/10/1-4-scaled.jpg"", ""https://folioliving.com.br/assets/uploads/2025/10/7-scaled.jpg"", ""https://folioliving.com.br/assets/uploads/2025/10/8-scaled.jpg"", ""https://folioliving.com.br/assets/uploads/2025/10/10-scaled.jpg""]",https://www.dropbox.com/scl/fo/lfhx2zqe1ha6piehjgs41/AGIlnkAQewUy5_dtDTWHKO8?rlkey=thlhetzj22r05860ss3pkncg8&st=oayxs0iv&dl=0,https://3dwarehouse.sketchup.com/model/e9547fb8-c8f3-4676-a8f3-3781808fe07a/Buffet-Path
Cadeira Sky,Folio + Neriage A partir de: R$10,Cadeira,"059X053X082x051 *Mobiliário com ampla personalização, variando os valores de acordo com o acabamento e dimensão escolhidos* solicite seu orçamento Encontre uma loja mais próxima Galeria Descrição A cadeira Sky nasce da fusão entre moda e mobiliário, traduzindo a leveza do vestuário em forma habitável","A cadeira Sky nasce da fusão entre moda e mobiliário, traduzindo a leveza do vestuário em forma habitável. Criada em colaboração entre a Folio e a marca de moda Neriage, a peça é inteiramente revestida em tecido plissado — elemento central do trabalho da estilista Rafaella Caniello — conferindo à estrutura um movimento visual contínuo e fluido. Com braços integrados e linhas curvas, Sky combina conforto ergonômico com uma presença escultural e delicada. Sua base larga em forma de “asa” reforça a sensação de acolhimento e estabilidade, enquanto o plissado sutil suaviza os contornos e transforma a superfície em uma pele texturizada e envolvente. Mais do que uma cadeira, Sky é uma extensão do corpo, um gesto que habita o espaço com poesia, onde o vestir se transforma em sentar. Disponível em tamanho único com múltiplos acabamentos.",https://folioliving.com.br/assets/uploads/2025/05/02-scaled.jpg,"[""https://folioliving.com.br/assets/uploads/2025/05/00-scaled.jpg"", ""https://folioliving.com.br/assets/uploads/2025/05/01-scaled.jpg"", ""https://folioliving.com.br/assets/uploads/2025/05/4-4.jpg"", ""https://folioliving.com.br/assets/uploads/2025/05/3-4.jpg"", ""https://folioliving.com.br/assets/uploads/2025/05/2-6.jpg"", ""https://folioliving.com.br/assets/uploads/2025/05/7-2.jpg"", ""https://folioliving.com.br/assets/uploads/2025/05/06-scaled.jpg"", ""https://folioliving.com.br/assets/uploads/2025/05/07-scaled.jpg""]",,https://3dwarehouse.sketchup.com/model/bafd4f74-a575-4c9a-81c3-468911612fb3/Cadeira-Sky-Plissados
Banco Nazar,Estúdio LL2 A partir de: R$15,Banco,"068x030x050 *Mobiliário com ampla personalização, variando os valores de acordo com o acabamento e dimensão escolhidos* solicite seu orçamento Encontre uma loja mais próxima Galeria Descrição O banco Nazar é uma peça que carrega um design contemporâneo marcante, caracterizado por linhas escultóricas e formas geométricas puras","O banco Nazar é uma peça que carrega um design contemporâneo marcante, caracterizado por linhas escultóricas e formas geométricas puras. Com assento largo e confortável, sua estrutura sólida apresenta um visual monolítico e escultural que se destaca em qualquer ambiente. Nazar é uma família de artefatos sem um propósito fixo definido. São explorações geométricas desenvolvidas para transmitir energia e beleza, podendo funcionar tanto como escultura – objeto de fruição estética – quanto para uso funcional, servindo como assento ou apoio. A coleção é fruto da observação de arquétipos ancestrais e da arquitetura vernacular, mesclando tradição e contemporaneidade. Personalizável em diferentes acabamentos e cores, o banco Nazar transita entre o utilitário e o artístico, se adaptando com facilidade a diversos espaços e estilos de decoração.",https://folioliving.com.br/assets/uploads/2023/11/18.jpg,"[""https://folioliving.com.br/assets/uploads/2023/11/35-scaled.jpg"", ""https://folioliving.com.br/assets/uploads/2023/11/36-scaled.jpg"", ""https://folioliving.com.br/assets/uploads/2023/11/28-scaled.jpg"", ""https://folioliving.com.br/assets/uploads/2023/11/29-scaled.jpg"", ""https://folioliving.com.br/assets/uploads/2023/11/37-scaled.jpg"", ""https://folioliving.com.br/assets/uploads/2025/07/12-scaled.jpg"", ""https://folioliving.com.br/assets/uploads/2023/11/16-scaled.jpg"", ""https://folioliving.com.br/assets/uploads/2023/11/31-scaled.jpg"", ""https://folioliving.com.br/assets/uploads/2023/11/34-scaled.jpg"", ""https://folioliving.com.br/assets/uploads/2023/11/30-scaled.jpg"", ""https://folioliving.com.br/assets/uploads/2023/11/33-scaled.jpg"", ""https://folioliving.com.br/assets/uploads/2023/11/32-scaled.jpg""]",,https://3dwarehouse.sketchup.com/model/df0cf2a8-6c45-4fee-b174-daf2761e1f70/Banco-Nazar
Banco Plano,Folio A partir de: R$21,Banco,"190x042x043 *Mobiliário com ampla personalização, variando os valores de acordo com o acabamento e dimensão escolhidos* solicite seu orçamento Encontre uma loja mais próxima Galeria Descrição O Banco Plano combina formas precisas e materiais de caráter marcante","O Banco Plano combina formas precisas e materiais de caráter marcante. A base cilíndrica em granilite sustenta o assento contínuo, revestido em bouclé.. O contraste entre os materiais cria uma presença silenciosa, porém expressiva — uma peça de elegância contida e equilíbrio inusitado, ideal para espaços que valorizam o design essencial e a matéria em sua forma pura. Disponível em quatro tamanhos com múltiplos acabamentos.",https://folioliving.com.br/assets/uploads/2025/10/1-1-scaled.jpg,"[""https://folioliving.com.br/assets/uploads/2025/10/5-scaled.jpg"", ""https://folioliving.com.br/assets/uploads/2025/10/6-scaled.jpg"", ""https://folioliving.com.br/assets/uploads/2025/10/4-scaled.jpg"", ""https://folioliving.com.br/assets/uploads/2025/10/2-scaled.jpg""]",https://www.dropbox.com/scl/fi/4w6nrdjg6tdtk7okksymq/2D-Banco-Plano.pdf?rlkey=hn9mgb32vah9r077hac8dy32s&st=s5cja4z0&dl=0,https://3dwarehouse.sketchup.com/model/1341c373-2b4f-4d07-b620-b6b4c6bf39b4/Banco-Plano
Sofá Aurora,Henrique Steyer A partir de: R$45,Sofá,"410x090x075 *Mobiliário com ampla personalização, variando os valores de acordo com o acabamento e dimensão escolhidos* solicite seu orçamento Encontre uma loja mais próxima Galeria Descrição O Sofá Aurora combina poesia e técnica em um desenho que evoca o espírito do art déco","O Sofá Aurora combina poesia e técnica em um desenho que evoca o espírito do art déco. Seu perfil é marcado por modulações curvas, que se elevam e se conectam como se formassem uma silhueta de montanha, criando um movimento contínuo e escultórico.Mais do que um sofá, Aurora é um elemento arquitetônico e decorativo, que traduz a união entre aconchego, sofisticação e força plástica. Disponível em composições modulares, adapta-se a diferentes ambientes, do mais intimista ao mais expansivo.",https://folioliving.com.br/assets/uploads/2025/09/1-1-scaled.jpg,"[""https://folioliving.com.br/assets/uploads/2025/09/11-1-scaled.jpg"", ""https://folioliving.com.br/assets/uploads/2025/09/10-scaled.jpg"", ""https://folioliving.com.br/assets/uploads/2025/09/12-1-scaled.jpg"", ""https://folioliving.com.br/assets/uploads/2025/09/2-1-scaled.jpg"", ""https://folioliving.com.br/assets/uploads/2025/09/5-1-scaled.jpg"", ""https://folioliving.com.br/assets/uploads/2025/09/3-1-scaled.jpg""]",,https://3dwarehouse.sketchup.com/model/3b7bd721-8a4d-427f-82b4-6ac5e8119175/Sof%C3%A1-Aurora
Poltrona Fóssil,Henrique Steyer A partir de: R$ 21,Poltrona,"087x092x078 *Mobiliário com ampla personalização, variando os valores de acordo com o acabamento e dimensão escolhidos* solicite seu orçamento Encontre uma loja mais próxima Galeria Descrição A Poltrona Fóssil traduz o diálogo entre ancestralidade e futuro","APoltrona Fóssiltraduz o diálogo entre ancestralidade e futuro. Sua base maciça, marcada por recortes concêntricos, evoca erosão e cortes geológicos, como se fosse esculpida pelo tempo. Esses sulcos reforçam a ideia de estratos minerais que sustentam presente e futuro. Em contraste, assento e encosto apresentam linhas orgânicas e contínuas, de proporções generosas, moldando-se ao corpo e convidando ao repouso. O contraste entre a textura da base e o estofado — em tecidos minerais ou gráficos — intensifica a sensação futurista, quase de ficção científica, mas enraizada na materialidade da terra. Disponível em múltiplos acabamentos com tamanho único.",https://folioliving.com.br/assets/uploads/2025/09/1-5-scaled.jpg,"[""https://folioliving.com.br/assets/uploads/2025/09/8-3-scaled.jpg"", ""https://folioliving.com.br/assets/uploads/2025/09/9-scaled.jpg"", ""https://folioliving.com.br/assets/uploads/2025/09/6-2-scaled.jpg"", ""https://folioliving.com.br/assets/uploads/2025/09/3-3-scaled.jpg"", ""https://folioliving.com.br/assets/uploads/2025/09/2-3-scaled.jpg"", ""https://folioliving.com.br/assets/uploads/2025/09/4-3-scaled.jpg"", ""https://folioliving.com.br/assets/uploads/2025/09/5-3-scaled.jpg"", ""https://folioliving.com.br/assets/uploads/2025/09/7-2-scaled.jpg""]",,https://3dwarehouse.sketchup.com/model/2afbd121-cdf7-4b2c-841e-2a8ec40b745a/Poltrona-F%C3%B3ssil
Sofá Del,Estúdio LL2 A partir de: R$33,Sofá,"320x108x076x300 *Mobiliário com ampla personalização, variando os valores de acordo com o acabamento e dimensão escolhidos* solicite seu orçamento Encontre uma loja mais próxima Galeria Descrição Sofá Del – com base monolítica retraída em balanço, o Sofá Del foi desenvolvido para um uso casual e confortável, levando em consideração a pureza das formas, com uma estética leve e despretensiosa","Sofá Del – com base monolítica retraída em balanço, o Sofá Del foi desenvolvido para um uso casual e confortável, levando em consideração a pureza das formas, com uma estética leve e despretensiosa. As almofadas de encosto formam uma composição assimétrica que traz conforto extremo, visual despojado, e experiência tátil através das diferentes texturas e tramas dos revestimentos, que podem ser personalizados. O sistema modular inclui elementos com e sem braços. Disponível em múltiplos acabamentos.",https://folioliving.com.br/assets/uploads/2024/02/15-1.jpg,"[""https://folioliving.com.br/assets/uploads/2024/02/10-1.jpg"", ""https://folioliving.com.br/assets/uploads/2024/02/11-1.jpg"", ""https://folioliving.com.br/assets/uploads/2024/02/16-1-scaled.jpg"", ""https://folioliving.com.br/assets/uploads/2024/02/17-1-scaled.jpg"", ""https://folioliving.com.br/assets/uploads/2024/02/13-1.jpg"", ""https://folioliving.com.br/assets/uploads/2024/02/5-2.jpg"", ""https://folioliving.com.br/assets/uploads/2024/02/18-1-scaled.jpg"", ""https://folioliving.com.br/assets/uploads/2024/02/9-2.jpg"", ""https://folioliving.com.br/assets/uploads/2024/02/23-1-scaled.jpg"", ""https://folioliving.com.br/assets/uploads/2024/02/21-1-scaled.jpg"", ""https://folioliving.com.br/assets/uploads/2024/02/24-1-scaled.jpg"", ""https://folioliving.com.br/assets/uploads/2024/02/20-1-scaled.jpg""]",https://www.dropbox.com/scl/fi/o428w997gw9saz9wyxhxh/T2M_DEL_R00.pdf?rlkey=wcvu14q05sp97u3qh5zftslfe&dl=0,https://3dwarehouse.sketchup.com/model/b9453a6c-30f3-4a3b-a584-5f123aeeccc4/Sof%C3%A1-Del-Folio
Poltrona Londra Slim,Ricardo Van Steen A partir de: R$20,Poltrona,"066x074x070 *Mobiliário com ampla personalização, variando os valores de acordo com o acabamento e dimensão escolhidos* solicite seu orçamento Encontre uma loja mais próxima Galeria Descrição A Poltrona Londra Slim com braço, assinada por Ricardo van Steen, combina elegância contemporânea com conforto sutil","A Poltrona Londra Slim com braço, assinada por Ricardo van Steen, combina elegância contemporânea com conforto sutil. Sua estrutura em madeira maciça evidencia um trabalho refinado de marcenaria, com linhas leves e bem definidas que sustentam um assento e encosto acolchoados, revestidos em couro ou tecido. Com traços angulares e braços finos, a Londra Slim tem um perfil enxuto, mas não abre mão da presença marcante. Seu design privilegia a ergonomia sem excessos, resultando em uma peça ideal para espaços que valorizam sofisticação e simplicidade. Um clássico moderno com alma brasileira.",https://folioliving.com.br/assets/uploads/2025/07/22-scaled.jpg,"[""https://folioliving.com.br/assets/uploads/2025/07/13-scaled.jpg"", ""https://folioliving.com.br/assets/uploads/2025/07/14-scaled.jpg"", ""https://folioliving.com.br/assets/uploads/2025/07/12-scaled.jpg"", ""https://folioliving.com.br/assets/uploads/2025/07/11-scaled.jpg"", ""https://folioliving.com.br/assets/uploads/2025/07/15-scaled.jpg"", ""https://folioliving.com.br/assets/uploads/2025/07/18-scaled.jpg"", ""https://folioliving.com.br/assets/uploads/2025/07/21-scaled.jpg"", ""https://folioliving.com.br/assets/uploads/2025/07/16-scaled.jpg"", ""https://folioliving.com.br/assets/uploads/2025/07/20-scaled.jpg"", ""https://folioliving.com.br/assets/uploads/2025/07/19-scaled.jpg""]",https://www.dropbox.com/scl/fi/wxt8wu53dz3k9vgvbpkju/2D-Poltrona-Londra-Slim-com-bra-o.pdf?rlkey=wz40e0jg193q1snj2a6ahwnkf&st=qv64spqg&dl=0,https://3dwarehouse.sketchup.com/model/c1c46855-a440-4e24-8492-e65aedb502b3/Poltrona-Londra-Slim
Poltrona Granito,Ricardo Van Steen A partir de: R$24,Poltrona,"087X084X068 *Mobiliário com ampla personalização, variando os valores de acordo com o acabamento e dimensão escolhidos* solicite seu orçamento Encontre uma loja mais próxima Galeria Descrição Com inspiração na solidez das formas arquitetônicas, a poltrona Granito combina robustez e suavidade em um desenho preciso e atemporal","Com inspiração na solidez das formas arquitetônicas, a poltrona Granito combina robustez e suavidade em um desenho preciso e atemporal. Sua estrutura é feita em madeira de lypitus, com acabamento escuro que destaca os veios naturais e confere presença marcante à peça. O estofamento em tecido bouclé, de textura rica e toque macio, contrasta com a base rígida e adiciona conforto visual. O encosto e o assento generosos são marcados por gomos sutis, reforçando o volume e o aconchego da composição. As cintas elásticas visíveis sob o assento revelam a honestidade construtiva do projeto, unindo função e estética. Granito é uma poltrona de caráter, que se destaca pelo equilíbrio entre materiais naturais, formas puras e detalhes cuidadosamente executados. Disponível em tamanho único com múltiplos acabamentos.",https://folioliving.com.br/assets/uploads/2025/05/35-1-scaled.jpg,"[""https://folioliving.com.br/assets/uploads/2025/05/37-scaled.jpg"", ""https://folioliving.com.br/assets/uploads/2025/05/36-1-scaled.jpg"", ""https://folioliving.com.br/assets/uploads/2025/05/33-1-scaled.jpg"", ""https://folioliving.com.br/assets/uploads/2025/05/Poltrona-Granito-2.png"", ""https://folioliving.com.br/assets/uploads/2025/05/Poltrona-Granito-9.png"", ""https://folioliving.com.br/assets/uploads/2025/05/34-1-scaled.jpg"", ""https://folioliving.com.br/assets/uploads/2025/05/38-scaled.jpg"", ""https://folioliving.com.br/assets/uploads/2025/05/31-1-scaled.jpg"", ""https://folioliving.com.br/assets/uploads/2025/05/32-1-scaled.jpg"", ""https://folioliving.com.br/assets/uploads/2025/05/4-1.jpg""]",https://www.dropbox.com/scl/fo/g29hviuxj2sojibuhn5k0/APr98ScOauAfCLeF341wWlY?rlkey=84nxzmvbhh1qgz4dgyykx540v&st=5crgldve&dl=0,https://3dwarehouse.sketchup.com/model/e8707452-b743-4c88-a322-02cee7333dc9/Poltrona-Granito
Banco Colomb,Estúdio LL2 A partir de: R$7,Banco,"045Øx040 *Mobiliário com ampla personalização, variando os valores de acordo com o acabamento e dimensão escolhidos* solicite seu orçamento Encontre uma loja mais próxima Galeria Descrição Disponível em tamanho único, o Banco Colomb traz formas orgânicas e volumes arredondados que conferem uma presença marcante","Disponível em tamanho único, o Banco Colomb traz formas orgânicas e volumes arredondados que conferem uma presença marcante. O tampo circular apresenta saliências sutis que quebram a simetria, criando uma identidade única para a peça. As pernas cilíndricas reforçam seu caráter escultural e lúdico, enquanto o toque e a textura revelam sutis irregularidades que destacam o trabalho manual e o aspecto sensorial do material. Versátil, pode ser usada individualmente ou em conjunto, criando composições dinâmicas em diferentes ambientes — do estar ao quarto.",https://folioliving.com.br/assets/uploads/2025/07/1-3-scaled.jpg,"[""https://folioliving.com.br/assets/uploads/2025/07/8-scaled.jpg"", ""https://folioliving.com.br/assets/uploads/2025/07/66-scaled.jpg"", ""https://folioliving.com.br/assets/uploads/2025/07/55-scaled.jpg"", ""https://folioliving.com.br/assets/uploads/2025/07/5-scaled.jpg"", ""https://folioliving.com.br/assets/uploads/2025/07/10-scaled.jpg"", ""https://folioliving.com.br/assets/uploads/2025/07/44-scaled.jpg"", ""https://folioliving.com.br/assets/uploads/2025/07/4-1-scaled.jpg"", ""https://folioliving.com.br/assets/uploads/2025/07/1-4-scaled.jpg""]",https://www.dropbox.com/scl/fo/pd5755smzd4cnowv2v12m/ANHFQAkpde-6-x8Jk9iyEDI?rlkey=qs72x6ao3urw8z485mmkl7mnl&st=60ulk7hl&dl=0,https://3dwarehouse.sketchup.com/model/5e2b23a7-42e3-4d55-91d3-8b3354aa665f/Banco-Colomb
Namoradeira 011,Flipê Arquitetura + Nati Minas & Studio A partir de: R$19,Namoradeira,"120x090x070 *Mobiliário com ampla personalização, variando os valores de acordo com o acabamento e dimensão escolhidos* solicite seu orçamento Encontre uma loja mais próxima Galeria Descrição A namoradeira 011 é uma peça de mobiliário contemporâneo marcada por formas esculturais e proporções acolhedoras","A namoradeira 011 é uma peça de mobiliário contemporâneo marcada por formas esculturais e proporções acolhedoras. Inspirada na capital paulista, ela reflete a intensidade urbana e o dinamismo da cidade, traduzidos em volumes suaves e sofisticados. Desenhada por Flipê Arquitetura + Nati Minas & Studio, a peça combina estética minimalista com conforto e personalidade. Suas formas cilíndricas tanto no assento quanto no encosto — criam uma silhueta contínua e envolvente, quase escultórica, que convida ao uso e à contemplação.",https://folioliving.com.br/assets/uploads/2025/07/1-6-scaled.jpg,"[""https://folioliving.com.br/assets/uploads/2025/07/8-1-scaled.jpg"", ""https://folioliving.com.br/assets/uploads/2025/07/2-1-scaled.jpg"", ""https://folioliving.com.br/assets/uploads/2025/07/3-1-scaled.jpg"", ""https://folioliving.com.br/assets/uploads/2025/07/4-2-scaled.jpg"", ""https://folioliving.com.br/assets/uploads/2025/07/9-1-scaled.jpg"", ""https://folioliving.com.br/assets/uploads/2025/07/50-scaled.png"", ""https://folioliving.com.br/assets/uploads/2025/07/10-1-scaled.jpg"", ""https://folioliving.com.br/assets/uploads/2025/07/51-scaled.png""]",,https://3dwarehouse.sketchup.com/model/225eeae1-254e-4667-a028-c0b3c7ef69e0/011-Namoradeira-Plissados
Mesa de Centro Colomb,Estúdio LL2 A partir de: R$19,Mesa de Centro,"128Øx025 *Mobiliário com ampla personalização, variando os valores de acordo com o acabamento e dimensão escolhidos* solicite seu orçamento Encontre uma loja mais próxima Galeria Descrição Disponível em cinco tamanhos, a Mesa de Centro Colomb traz formas orgânicas e volumes arredondados que conferem uma presença marcante","Disponível em cinco tamanhos, a Mesa de Centro Colomb traz formas orgânicas e volumes arredondados que conferem uma presença marcante. O tampo circular apresenta saliências sutis que quebram a simetria, criando uma identidade única para a peça. As pernas cilíndricas reforçam seu caráter escultural e lúdico, enquanto o toque e a textura revelam sutis irregularidades que destacam o trabalho manual e o aspecto sensorial do material. Versátil, pode ser usada individualmente ou em conjunto, criando composições dinâmicas em diferentes ambientes — do estar ao quarto.",https://folioliving.com.br/assets/uploads/2025/07/8-4-scaled.jpg,"[""https://folioliving.com.br/assets/uploads/2025/07/11-1-scaled.jpg"", ""https://folioliving.com.br/assets/uploads/2025/07/5-7-scaled.jpg"", ""https://folioliving.com.br/assets/uploads/2025/07/7-3-scaled.jpg"", ""https://folioliving.com.br/assets/uploads/2025/07/3-scaled.jpg"", ""https://folioliving.com.br/assets/uploads/2025/07/6-6-scaled.jpg"", ""https://folioliving.com.br/assets/uploads/2025/07/1-1-scaled.jpg""]",https://www.dropbox.com/scl/fo/33b2ejzfi52l2riuapk5o/AItzy-izXOYuYYsahal9IUg?rlkey=5bcinixtnzal9535s00nkbtp9&st=57619xz1&dl=0,https://3dwarehouse.sketchup.com/model/f3e9db81-84e3-4c8b-940f-578ebd1f78bb/Mesa-de-Centro-Colomb
Mesa Lateral Colomb,Estúdio LL2 A partir de: R$10,Mesa Lateral,"086Øx046 *Mobiliário com ampla personalização, variando os valores de acordo com o acabamento e dimensão escolhidos* solicite seu orçamento Encontre uma loja mais próxima Galeria Descrição Disponível em três tamanhos, a Mesa Lateral Colomb traz formas orgânicas e volumes arredondados que conferem uma presença marcante","Disponível em três tamanhos, a Mesa Lateral Colomb traz formas orgânicas e volumes arredondados que conferem uma presença marcante. O tampo circular apresenta saliências sutis que quebram a simetria, criando uma identidade única para a peça. As pernas cilíndricas reforçam seu caráter escultural e lúdico, enquanto o toque e a textura revelam sutis irregularidades que destacam o trabalho manual e o aspecto sensorial do material. Versátil, pode ser usada individualmente ou em conjunto, criando composições dinâmicas em diferentes ambientes — do estar ao quarto.",https://folioliving.com.br/assets/uploads/2025/05/1-12-scaled.jpg,"[""https://folioliving.com.br/assets/uploads/2025/05/12-3-scaled.jpg"", ""https://folioliving.com.br/assets/uploads/2025/05/13-2-scaled.jpg"", ""https://folioliving.com.br/assets/uploads/2025/05/3-7-scaled.jpg"", ""https://folioliving.com.br/assets/uploads/2025/05/10-scaled.jpg"", ""https://folioliving.com.br/assets/uploads/2025/05/2-10-scaled.jpg"", ""https://folioliving.com.br/assets/uploads/2025/05/7-3-scaled.jpg"", ""https://folioliving.com.br/assets/uploads/2025/05/8-1-scaled.jpg"", ""https://folioliving.com.br/assets/uploads/2025/05/5-5-scaled.jpg""]",https://www.dropbox.com/scl/fo/vilkk5ie46vdwg9wznc7n/AHxvRl1FYfv5VhVFWvSHnfs?rlkey=vfbarbcy4e1d5l1oqqfhvo2vl&st=m98sq7en&dl=0,https://3dwarehouse.sketchup.com/model/38520cb7-ec82-441c-9d10-38f8c92d90fd/Mesa-Lateral-Colomb
Mesa Lateral Pilotis II,Estúdio LL2 A partir de: R$8,Mesa Lateral,"045Øx045 *Mobiliário com ampla personalização, variando os valores de acordo com o acabamento e dimensão escolhidos* solicite seu orçamento Encontre uma loja mais próxima Galeria Descrição A mesa lateral Pilotis conta com um design contemporâneo, marcado por linhas retas minimalistas","A mesa lateral Pilotis conta com um design contemporâneo, marcado por linhas retas minimalistas. Possui proporções sólidas e bem definidas, proporcionando equilíbrio visual e funcionalidade. Seu tampo redondo de madeira repousa sobre uma base cilíndrica robusta, conferindo um visual leve, porém expressivo, ao conjunto. A estrutura valoriza o contraste entre formas geométricas e volumes, criando uma peça que é ao mesmo tempo discreta e marcante. Disponível em tamanho único com múltiplos acabamentos.",https://folioliving.com.br/assets/uploads/2025/05/27-scaled.jpg,"[""https://folioliving.com.br/assets/uploads/2024/02/21-scaled.jpg"", ""https://folioliving.com.br/assets/uploads/2025/05/35-scaled.jpg"", ""https://folioliving.com.br/assets/uploads/2025/05/28-scaled.jpg"", ""https://folioliving.com.br/assets/uploads/2025/05/34-scaled.jpg"", ""https://folioliving.com.br/assets/uploads/2025/05/36-scaled.jpg"", ""https://folioliving.com.br/assets/uploads/2025/05/31-scaled.jpg""]",,https://3dwarehouse.sketchup.com/model/eb661a55-3b8d-4ada-8438-4df707a70af9/Mesa-Lateral-Pilotis-Redonda
Poltrona Londra,Ricardo Van Steen A partir de: R$27,Poltrona,"091X080X090 *Mobiliário com ampla personalização, variando os valores de acordo com o acabamento e dimensão escolhidos* solicite seu orçamento Encontre uma loja mais próxima Galeria Descrição A poltrona Londra é uma síntese entre conforto absoluto e sofisticação estrutural","A poltrona Londra é uma síntese entre conforto absoluto e sofisticação estrutural. Com desenho escultural e proporções generosas, ela se destaca pelo encontro entre uma estrutura de madeira expressiva e um estofamento volumoso em couro natural, que valoriza o toque e o uso ao longo do tempo. A base em madeira evidencia o trabalho artesanal com encaixes precisos e linhas geométricas marcantes, criando um desenho estrutural leve e ao mesmo tempo robusto. O couro, aplicado em toda a superfície estofada, assume um papel protagonista na composição — com acabamento suave, costuras aparentes e um volume anatômico que acomoda o corpo com naturalidade. Os braços amplos e curvados, o encosto alto com laterais discretamente aladas e as almofadas em gomos reforçam a sensação de acolhimento e convidam a momentos de pausa prolongados. Disponível em tamanho único com múltiplos acabamentos.",https://folioliving.com.br/assets/uploads/2025/05/32-2-scaled.jpg,"[""https://folioliving.com.br/assets/uploads/2025/05/31-2-scaled.jpg"", ""https://folioliving.com.br/assets/uploads/2025/05/23-2.jpg"", ""https://folioliving.com.br/assets/uploads/2025/05/34-2-scaled.jpg"", ""https://folioliving.com.br/assets/uploads/2025/05/33-2-scaled.jpg"", ""https://folioliving.com.br/assets/uploads/2025/05/28-2-scaled.jpg"", ""https://folioliving.com.br/assets/uploads/2025/05/24-1.jpg"", ""https://folioliving.com.br/assets/uploads/2025/05/29-1-scaled.jpg"", ""https://folioliving.com.br/assets/uploads/2025/05/35-2-scaled.jpg""]",https://www.dropbox.com/scl/fi/mfmhiz6giw9x6luzblz7s/2D-Poltrona-Londra.pdf?rlkey=59n1c1ecd70geqj5ffnbg0z7o&st=sazobzpi&dl=0,https://3dwarehouse.sketchup.com/model/82fae380-c6b8-492d-a8fc-945ef48b189d/Poltrona-Londra
Aparador Piano,Ricardo Van Steen A partir de: R$33,Aparador,"150X045X076 *Mobiliário com ampla personalização, variando os valores de acordo com o acabamento e dimensão escolhidos* solicite seu orçamento Encontre uma loja mais próxima Galeria Descrição O aparador Piano, assinado por Ricardo van Steen, combina função e expressão visual por meio de um sofisticado trabalho cromático com ladrilhos cerâmicos esmaltados da linha cottoricci","O aparador Piano, assinado por Ricardo van Steen, combina função e expressão visual por meio de um sofisticado trabalho cromático com ladrilhos cerâmicos esmaltados da linha cottoricci. Aplicados em um plano modular de tonalidades pastel — como verde, ocre, cinza e terracota —, os ladrilhos introduzem uma composição vibrante e mutável, marcada por variações sutis de cor e textura que tornam cada peça única e irrepetível. A estrutura em aço carbono confere leveza e estabilidade ao conjunto, contrastando com a superfície artesanal e vívida do tampo e das laterais. O acabamento esmaltado dos ladrilhos reflete a luz de maneira delicada, ressaltando as nuances das cores e as pequenas irregularidades naturais do processo manual. Essa fusão entre matéria industrial e saber artesanal transforma o aparador em um elemento escultórico e funcional, ideal tanto para ambientes residenciais quanto comerciais que valorizam o design autoral e a singularidade de cada detalhe. Disponível em tamanho único com múltiplos acabamentos.",https://folioliving.com.br/assets/uploads/2025/05/2.jpg,"[""https://folioliving.com.br/assets/uploads/2025/05/3.jpg"", ""https://folioliving.com.br/assets/uploads/2025/05/9.jpg"", ""https://folioliving.com.br/assets/uploads/2025/05/7.jpg"", ""https://folioliving.com.br/assets/uploads/2025/05/8.jpg"", ""https://folioliving.com.br/assets/uploads/2025/05/6.jpg"", ""https://folioliving.com.br/assets/uploads/2025/05/2-1.jpg""]",https://www.dropbox.com/scl/fi/27y0ff6ru34mgrxzsf7sz/2D-Aparador-Piano-I.pdf?rlkey=7j3p4ioozs2zri1vkpke74oox&st=xwr61cyu&dl=0,https://3dwarehouse.sketchup.com/model/4bf3aaef-d6e7-4897-9507-969ead557e45/Aparador-Piano-I
Cadeira Londrina,Ricardo Van Steen Sem braço a partir de: R$8,Cadeira,"058x066x084 *Mobiliário com ampla personalização, variando os valores de acordo com o acabamento e dimensão escolhidos* solicite seu orçamento Encontre uma loja mais próxima Galeria Descrição A cadeira Londrina é uma homenagem à cidade que acolhe a fábrica Folio e representa a origem da marca","A cadeira Londrina é uma homenagem à cidade que acolhe a fábrica Folio e representa a origem da marca. Assinada por Ricardo Van Steen, a peça traduz o espírito do design brasileiro contemporâneo ao aliar a força construtiva à elegância formal. Produzida em lyptus tingido, madeira de tonalidade quente e veios suaves, revela a nobreza dos materiais e a dedicação artesanal em cada detalhe. O desenho de linhas puras e estrutura precisa evidencia a atenção minuciosa à ergonomia e ao acabamento. Os braços levemente arredondados e os encaixes meticulosamente trabalhados conferem robustez estrutural sem abrir mão da leveza visual. A geometria refinada valoriza a execução manual da madeira, enquanto os encontros entre os perfis, suavemente modelados, garantem conforto tátil e um apuro estético singular. Mais do que um objeto utilitário, a cadeira Londrina é a expressão da identidade da Folio: o encontro entre tradição, técnica refinada e uma visão contemporânea do morar.",https://folioliving.com.br/assets/uploads/2025/04/1-21.jpg,"[""https://folioliving.com.br/assets/uploads/2025/04/6-5-scaled.jpg"", ""https://folioliving.com.br/assets/uploads/2025/04/10-1-scaled.jpg"", ""https://folioliving.com.br/assets/uploads/2025/04/4-6-scaled.jpg"", ""https://folioliving.com.br/assets/uploads/2025/04/3-10.jpg"", ""https://folioliving.com.br/assets/uploads/2025/04/11-4-scaled.jpg"", ""https://folioliving.com.br/assets/uploads/2025/04/5-6-scaled.jpg"", ""https://folioliving.com.br/assets/uploads/2025/04/12-1-scaled.jpg"", ""https://folioliving.com.br/assets/uploads/2025/04/13-1-scaled.jpg""]",https://www.dropbox.com/scl/fi/1z9kohs02za2wl6kehwn1/2D-Cadeira-Londrina-sem-bra-o.pdf?rlkey=kede5zhkmdteyhghp6i2pnhyd&st=yo1s3eg9&dl=0,https://3dwarehouse.sketchup.com/model/e15e4853-3d62-4ff6-9c12-d0ddf6e505f6/Cadeira-Londrina
Mesa Lateral Boreal,Folio A partir de: R$13,Mesa Lateral,"060Øx055 *Mobiliário com ampla personalização, variando os valores de acordo com o acabamento e dimensão escolhidos* solicite seu orçamento Encontre uma loja mais próxima Galeria Descrição A mesa lateral Boreal se destaca por sua presença escultórica e acabamento refinado","A mesa lateral Boreal se destaca por sua presença escultórica e acabamento refinado. Seu tampo em vidro fumê revela, com sutileza, a base sinuosa em tecido espelhado dourado, que reflete a luz e o ambiente ao redor. A estrutura orgânica e fluida da base contrasta com a superfície plana e translúcida do tampo, criando um jogo visual dinâmico entre forma, brilho e transparência. Com um design expressivo, a Boreal é uma peça de destaque, ideal para composições contemporâneas que valorizam arte e funcionalidade. Disponível em tamanho único com múltiplos acabamentos.",https://folioliving.com.br/assets/uploads/2025/05/1-9.jpg,"[""https://folioliving.com.br/assets/uploads/2025/05/01-2-scaled.jpg"", ""https://folioliving.com.br/assets/uploads/2025/05/4-6.jpg"", ""https://folioliving.com.br/assets/uploads/2025/05/02-2-scaled.jpg"", ""https://folioliving.com.br/assets/uploads/2025/05/2-8.jpg""]",,https://3dwarehouse.sketchup.com/model/c19e7d09-a91e-4a74-b8d7-1489d4a822b4/Mesa-Lateral-Boreal
Luminária Golden Hour,Folio + Neriage A partir de: R$13,Luminária,"120Ø *Mobiliário com ampla personalização, variando os valores de acordo com o acabamento e dimensão escolhidos* solicite seu orçamento Encontre uma loja mais próxima Galeria Descrição Resultado da colaboração entre Folio e Neriage, a luminária Golden Hour traduz a união entre moda e design em uma peça que explora luz, textura e forma com sensibilidade","Resultado da colaboração entre Folio e Neriage, a luminária Golden Hour traduz a união entre moda e design em uma peça que explora luz, textura e forma com sensibilidade. Inspirada na luz suave do entardecer, a luminária apresenta um disco circular de superfície mineral, com acabamento artesanal que valoriza as nuances da matéria bruta. A iluminação é indireta, criando um halo envolvente que remete a fenômenos naturais como o eclipse ou o pôr do sol. Seu brilho difuso transforma o ambiente com suavidade, propondo uma experiência sensorial e contemplativa. Mais do que uma peça funcional, Golden Hour atua como objeto poético e atmosférico — uma síntese entre o tempo e o toque, entre o vestível e o habitável. Disponível em múltiplos tamanhos e acabamentos.",https://folioliving.com.br/assets/uploads/2025/05/1.png,"[""https://folioliving.com.br/assets/uploads/2025/05/01-3-scaled.jpg"", ""https://folioliving.com.br/assets/uploads/2025/05/02-3-scaled.jpg"", ""https://folioliving.com.br/assets/uploads/2024/02/21-scaled.jpg"", ""https://folioliving.com.br/assets/uploads/2025/05/4.png"", ""https://folioliving.com.br/assets/uploads/2025/05/2.png"", ""https://folioliving.com.br/assets/uploads/2025/05/3.png""]",,https://3dwarehouse.sketchup.com/model/be8e118e-dd83-4360-a73b-e93fbeda8808/Lumin%C3%A1ria-Golden-Hour
Buffet Gio Vertical,Estúdio LL2 A partir de: R$37,Buffet,"085x045X115 *Mobiliário com ampla personalização, variando os valores de acordo com o acabamento e dimensão escolhidos* solicite seu orçamento Encontre uma loja mais próxima Galeria Descrição O buffet Gio vertical carrega um design contemporâneo, marcado por linhas retas e minimalistas","O buffet Gio vertical carrega um design contemporâneo, marcado por linhas retas e minimalistas. Com proporções mais compactas e verticais, é ideal para espaços menores sem abrir mão da elegância e da funcionalidade. As portas amplas sem puxadores visíveis reforçam a pureza formal da peça, enquanto os pés robustos garantem estabilidade. Internamente, o móvel conta com uma prateleira interna que otimiza o armazenamento, sendo perfeito para organização de objetos em ambientes como salas, quartos ou escritórios. Personalizável em diferentes acabamentos.",https://folioliving.com.br/assets/uploads/2024/09/capa-nova-scaled.jpg,"[""https://folioliving.com.br/assets/uploads/2024/09/1-scaled.jpg"", ""https://folioliving.com.br/assets/uploads/2024/09/2-scaled.jpg"", ""https://folioliving.com.br/assets/uploads/2024/09/7-scaled.jpg"", ""https://folioliving.com.br/assets/uploads/2024/09/8-scaled.jpg"", ""https://folioliving.com.br/assets/uploads/2024/09/5-7-scaled.jpg"", ""https://folioliving.com.br/assets/uploads/2024/09/4-7-scaled.jpg"", ""https://folioliving.com.br/assets/uploads/2024/09/5-scaled.jpg"", ""https://folioliving.com.br/assets/uploads/2024/09/9-scaled.jpg"", ""https://folioliving.com.br/assets/uploads/2024/09/1-14-scaled.jpg"", ""https://folioliving.com.br/assets/uploads/2024/09/3-6-scaled.jpg""]",,https://3dwarehouse.sketchup.com/model/18a6c4cc-fb23-418b-a006-2367c3525eb1/Buffet-Gio-Vertical
Poltrona Londra Slim,Ricardo Van Steen A partir de: R$16,Poltrona,"066x074x070 *Mobiliário com ampla personalização, variando os valores de acordo com o acabamento e dimensão escolhidos* solicite seu orçamento Encontre uma loja mais próxima Galeria Descrição A Poltrona Londra Slim sem braço, assinada por Ricardo van Steen, combina elegância contemporânea com conforto sutil","A Poltrona Londra Slim sem braço, assinada por Ricardo van Steen, combina elegância contemporânea com conforto sutil. Sua estrutura em madeira maciça evidencia um trabalho refinado de marcenaria, com linhas leves e bem definidas que sustentam um assento e encosto acolchoados, revestidos em couro ou tecido. Com traços angulares, a Londra Slim tem um perfil enxuto, mas não abre mão da presença marcante. Seu design privilegia a ergonomia sem excessos, resultando em uma peça ideal para espaços que valorizam sofisticação e simplicidade. Um clássico moderno com alma brasileira.",https://folioliving.com.br/assets/uploads/2025/07/8-5-scaled.jpg,"[""https://folioliving.com.br/assets/uploads/2025/07/3-3.jpg"", ""https://folioliving.com.br/assets/uploads/2025/07/2-3.jpg"", ""https://folioliving.com.br/assets/uploads/2025/07/4-3.jpg"", ""https://folioliving.com.br/assets/uploads/2025/07/5-2.jpg"", ""https://folioliving.com.br/assets/uploads/2025/07/6-1.jpg"", ""https://folioliving.com.br/assets/uploads/2025/07/7-1.jpg""]",,https://3dwarehouse.sketchup.com/model/c1c46855-a440-4e24-8492-e65aedb502b3/Poltrona-Londra-Slim
Sofá Float,Lab,Sofá,"180x130x068x110 *Mobiliário com ampla personalização, variando os valores de acordo com o acabamento e dimensão escolhidos* solicite seu orçamento Encontre uma loja mais próxima Galeria Descrição O sofá Float busca uma reconexão com os momentos da casa e com a forma como nos relacionamos com o lar","O sofá Float busca uma reconexão com os momentos da casa e com a forma como nos relacionamos com o lar. Criado a partir de formas orgânicas e uma base leve, suavemente angulada, que parece flutuar sobre o chão, o sofá foi pensado como um hub social — um ponto de encontro despojado e acolhedor dentro de casa. Seu desenho contemporâneo é marcado por volumes generosos, linhas suaves e cantos arredondados, que reforçam a sensação de conforto e informalidade. Os assentos são amplos, profundos e baixos, ideais para relaxar ou compartilhar momentos com outras pessoas. Já os braços inteiriços e bem definidos garantem estrutura sem perder a fluidez visual. A modularidade do Float permite múltiplas composições, adaptando-se com naturalidade a diferentes tamanhos de ambientes e estilos de vida. Disponível em múltiplos acabamentos.",https://folioliving.com.br/assets/uploads/2023/06/1-105-scaled.jpg,"[""https://folioliving.com.br/assets/uploads/2023/06/5-50-scaled.jpg"", ""https://folioliving.com.br/assets/uploads/2023/06/6-51-scaled.jpg"", ""https://folioliving.com.br/assets/uploads/2023/06/15-2.jpg"", ""https://folioliving.com.br/assets/uploads/2023/06/14-3.jpg"", ""https://folioliving.com.br/assets/uploads/2023/06/4-49-scaled.jpg"", ""https://folioliving.com.br/assets/uploads/2023/06/16-1.jpg"", ""https://folioliving.com.br/assets/uploads/2023/06/7-21-scaled.jpg"", ""https://folioliving.com.br/assets/uploads/2023/06/8-21-scaled.jpg"", ""https://folioliving.com.br/assets/uploads/2023/06/9-18-scaled.jpg"", ""https://folioliving.com.br/assets/uploads/2023/06/3-51-scaled.jpg""]",https://www.dropbox.com/scl/fi/mlv19xwhqp7byk8l7b6kz/T2M_Mapa_Float_R00.pdf?rlkey=lcya3v6lcy3xs3qsl4sjqxhr2&dl=0,https://3dwarehouse.sketchup.com/model/37cfff3f-2cf9-47c2-b2c5-299b374e3c91/Sof%C3%A1-Float-Folio
Mesa de Jantar Avocado II,Folio + Neriage A partir de: R$44,Mesa de Jantar,"140Øx076 *Mobiliário com ampla personalização, variando os valores de acordo com o acabamento e dimensão escolhidos* solicite seu orçamento Encontre uma loja mais próxima Galeria Descrição A mesa de jantar Avocado destaca-se pela combinação entre a rigidez da madeira e a fluidez do couro plissado","A mesa de jantar Avocado destaca-se pela combinação entre a rigidez da madeira e a fluidez do couro plissado. Seu tampo redondo em madeira natural apresenta bordas suavemente chanfradas, revelando o cuidado com o acabamento e valorizando a materialidade da peça. A base cilíndrica, totalmente revestida em couro com plissados verticais, introduz textura e movimento à composição, aproximando o mobiliário do universo da moda com um toque contemporâneo e sensorial. O plissado cria um contraste elegante com a superfície lisa do tampo, tornando a mesa um ponto de destaque no ambiente. Disponível em múltiplos tamanhos e acabamentos.",https://folioliving.com.br/assets/uploads/2025/05/12.jpg,"[""https://folioliving.com.br/assets/uploads/2025/05/101.png"", ""https://folioliving.com.br/assets/uploads/2025/05/102.png""]",,https://3dwarehouse.sketchup.com/model/8cd81794-cb5e-477b-b142-cb56a05245d7/Mesa-de-Jantar-Avocado-Redonda-Plissados
Banco Pilotis I,Estúdio LL2 A partir de: R$17,Banco,"200x045x045 *Mobiliário com ampla personalização, variando os valores de acordo com o acabamento e dimensão escolhidos* solicite seu orçamento Encontre uma loja mais próxima Galeria Descrição O banco Pilotis I carrega um design contemporâneo, marcado por linhas limpas e formas escultóricas","O banco Pilotis I carrega um design contemporâneo, marcado por linhas limpas e formas escultóricas. Com três apoios em formatos orgânicos, a peça é inteiramente produzida em madeira maciça, evidenciando o cuidado com a matéria-prima e o trabalho artesanal. Sua estrutura sólida contrasta com a leveza visual proporcionada pelas curvas suaves e o acabamento aveludado do material. Com proporções generosas, o Pilotis funciona tanto como banco quanto como peça de apoio em diferentes ambientes, sendo versátil, elegante e atemporal. Personalizável em diversos acabamentos.",https://folioliving.com.br/assets/uploads/2023/12/19.jpg,"[""https://folioliving.com.br/assets/uploads/2023/12/21.jpg"", ""https://folioliving.com.br/assets/uploads/2023/12/2-13-scaled.jpg"", ""https://folioliving.com.br/assets/uploads/2023/12/5-12-scaled.jpg"", ""https://folioliving.com.br/assets/uploads/2023/12/6-14-scaled.jpg"", ""https://folioliving.com.br/assets/uploads/2023/12/17-1.jpg"", ""https://folioliving.com.br/assets/uploads/2023/12/18-1.jpg"", ""https://folioliving.com.br/assets/uploads/2023/12/20.jpg"", ""https://folioliving.com.br/assets/uploads/2023/12/4-13.jpg""]",,https://3dwarehouse.sketchup.com/model/cb4b294a-17fb-4dff-85a6-16de3cc730ad/Bancos-pilotis-Folio
Mesa de Centro Isla,Estúdio LL2 A partir de: R$22,Mesa de Centro,"100x099X033 *Mobiliário com ampla personalização, variando os valores de acordo com o acabamento e dimensão escolhidos* solicite seu orçamento Encontre uma loja mais próxima Galeria Descrição A mesa de centro Isla expressa uma elegância escultórica, marcada pela força da matéria e pela fluidez das formas","A mesa de centro Isla expressa uma elegância escultórica, marcada pela força da matéria e pela fluidez das formas. Seu tampo em mármore com bordas suavemente arredondadas combina geometria orgânica e textura nobre, revelando veios únicos que tornam cada peça singular. A base cilíndrica sólida contrasta com a leveza visual do tampo, criando um equilíbrio entre estrutura e sofisticação. A Isla é ideal como ponto focal em ambientes contemporâneos, e pode ser personalizada em diferentes tamanhos e acabamentos.",https://folioliving.com.br/assets/uploads/2024/08/1-30-scaled.jpg,"[""https://folioliving.com.br/assets/uploads/2024/08/13-1.jpg"", ""https://folioliving.com.br/assets/uploads/2024/08/4-18-scaled.jpg"", ""https://folioliving.com.br/assets/uploads/2024/08/6-17-scaled.jpg"", ""https://folioliving.com.br/assets/uploads/2024/08/3-18-scaled.jpg"", ""https://folioliving.com.br/assets/uploads/2024/08/8-16-scaled.jpg"", ""https://folioliving.com.br/assets/uploads/2024/08/7-17-scaled.jpg"", ""https://folioliving.com.br/assets/uploads/2024/08/10-4.jpg"", ""https://folioliving.com.br/assets/uploads/2024/08/1-38-scaled.jpg""]",,https://3dwarehouse.sketchup.com/model/2659af4a-cc6b-4654-a87f-7016383cb988/Mesa-de-Centro-Isla
Mesa de Jantar Isla,Estúdio LL2 A partir de: R$26,Mesa de Jantar,"160x160x076 *Mobiliário com ampla personalização, variando os valores de acordo com o acabamento e dimensão escolhidos* solicite seu orçamento Encontre uma loja mais próxima Galeria Descrição A mesa de jantar Isla conta com um design contemporâneo, marcado por linhas retas minimalistas e proporções esculturais","A mesa de jantar Isla conta com um design contemporâneo, marcado por linhas retas minimalistas e proporções esculturais. Seu tampo pentagonal com bordas arredondadas traz uma geometria pouco convencional que valoriza a fluidez e convida à interação. Produzido em pedra natural, o tampo possui presença marcante e textura sofisticada, contrastando com a base composta por quatro paineis verticais em madeira que conferem leveza estrutural e estabilidade visual. A Isla é uma peça de caráter autoral que se adapta a diferentes contextos de uso, funcionando como ponto de encontro ou elemento de destaque em espaços de convívio. Personalizável em diversos tamanhos e acabamentos.",https://folioliving.com.br/assets/uploads/2023/12/4-9-scaled.jpg,"[""https://folioliving.com.br/assets/uploads/2023/12/10-5-scaled.jpg"", ""https://folioliving.com.br/assets/uploads/2023/12/8-8.jpg"", ""https://folioliving.com.br/assets/uploads/2023/12/9-8.jpg"", ""https://folioliving.com.br/assets/uploads/2023/12/3-14-scaled.jpg""]",,https://3dwarehouse.sketchup.com/model/cee5a07f-5876-49b7-b479-eb27c6f37cc0/Mesa-de-jantar-Isla
Mesa de Centro Piano,Ricardo Van Steen + André Paoliello A partir de: R$25,Mesa de Centro,"160X060X035 *Mobiliário com ampla personalização, variando os valores de acordo com o acabamento e dimensão escolhidos* solicite seu orçamento Encontre uma loja mais próxima Galeria Descrição A mesa de centro Piano, assinada por Ricardo Van Steen + André Paoliello, combina função e expressão visual por meio de um sofisticado trabalho cromático com ladrilhos cerâmicos esmaltados da linha cottoricci","A mesa de centro Piano, assinada por Ricardo Van Steen + André Paoliello, combina função e expressão visual por meio de um sofisticado trabalho cromático com ladrilhos cerâmicos esmaltados da linha cottoricci. Aplicados em um plano modular, os ladrilhos introduzem uma composição vibrante e mutável. A estrutura em aço carbono confere leveza e estabilidade ao conjunto. O acabamento esmaltado dos ladrilhos reflete a luz de maneira delicada, ressaltando as nuances das cores e as pequenas irregularidades naturais do processo manual. Essa fusão entre matéria industrial e saber artesanal transforma o aparador em um elemento escultórico e funcional, ideal tanto para ambientes residenciais quanto comerciais que valorizam o design autoral e a singularidade de cada detalhe. Disponível em tamanho único com múltiplos acabamentos.",https://folioliving.com.br/assets/uploads/2025/05/1-1.jpg,"[""https://folioliving.com.br/assets/uploads/2025/05/2-3.jpg"", ""https://folioliving.com.br/assets/uploads/2025/05/3-1.jpg"", ""https://folioliving.com.br/assets/uploads/2025/05/4-1.jpg"", ""https://folioliving.com.br/assets/uploads/2025/05/1-2.jpg"", ""https://folioliving.com.br/assets/uploads/2025/05/3-12-scaled.jpg"", ""https://folioliving.com.br/assets/uploads/2025/05/5-10-scaled.jpg""]",,https://3dwarehouse.sketchup.com/model/e587a594-cf37-47c4-b4d6-69ede8df1969/Mesa-de-Centro-Piano
Sofá Sky,Folio + Neriage A partir de: R$24,Sofá,"244x115x070 *Mobiliário com ampla personalização, variando os valores de acordo com o acabamento e dimensão escolhidos* solicite seu orçamento Encontre uma loja mais próxima Galeria Descrição O Sofá Sky, colaboração entre a Folio e a Neriage, combina linhas minimalistas e volumes generosos com detalhes artesanais","O Sofá Sky, colaboração entre a Folio e a Neriage, combina linhas minimalistas e volumes generosos com detalhes artesanais. Um de seus módulos apresenta plissados inspirados na moda, marca registrada da Neriage, criando um contraste sofisticado entre textura e superfície lisa. Confortável e versátil, é uma peça que une design contemporâneo e elegância atemporal. Disponível em múltiplas modulações.",https://folioliving.com.br/assets/uploads/2025/07/1-17-scaled.jpg,"[""https://folioliving.com.br/assets/uploads/2025/07/3-8-scaled.jpg"", ""https://folioliving.com.br/assets/uploads/2025/07/6-5-scaled.jpg"", ""https://folioliving.com.br/assets/uploads/2025/07/1-18-scaled.jpg"", ""https://folioliving.com.br/assets/uploads/2025/07/5-6-scaled.jpg""]",,https://3dwarehouse.sketchup.com/model/89038626-0a40-4354-90f0-1b68747c93c5/Sof%C3%A1-Sky-Plissados
Mesa de Centro Orion,Neriage + Folio A partir de: R$43,Mesa de Centro,"140x070x036 *Mobiliário com ampla personalização, variando os valores de acordo com o acabamento e dimensão escolhidos* solicite seu orçamento Encontre uma loja mais próxima Galeria Descrição Fruto da colaboração entre Folio e Neriage, a mesa de centro Orion combina materiais e gestos em uma composição que transita entre o design e a moda","Fruto da colaboração entre Folio e Neriage, a mesa de centro Orion combina materiais e gestos em uma composição que transita entre o design e a moda. O tampo em mármore de contorno orgânico revela a beleza única da pedra natural, com veios e tonalidades que remetem às formações minerais da terra. A base, revestida em couro plissado, traz a linguagem têxtil característica da Neriage para o mobiliário, criando um contraste entre rigidez e fluidez, peso e leveza. O plissado imprime dinamismo à estrutura e reforça o aspecto artesanal da peça. Com presença escultural e proporções equilibradas, Orion é uma mesa que vai além da função: transforma o espaço em narrativa sensorial e visual. Disponível em múltiplos tamanhos e acabamentos.",https://folioliving.com.br/assets/uploads/2025/05/1-2.png,"[""https://folioliving.com.br/assets/uploads/2025/05/2-1.png"", ""https://folioliving.com.br/assets/uploads/2025/05/3-1.png""]",,https://3dwarehouse.sketchup.com/model/c283251c-db5b-45e4-b482-9f6ac62f2a7a/Mesa-de-Centro-Orion
Sofá Nurb,Folio A partir de: R$21,Sofá,"266X100X066x220 *Mobiliário com ampla personalização, variando os valores de acordo com o acabamento e dimensão escolhidos* solicite seu orçamento Encontre uma loja mais próxima Galeria Descrição O sofá Nurb é modular e apresenta um design contemporâneo, pautado por linhas retas e minimalistas","O sofá Nurb é modular e apresenta um design contemporâneo, pautado por linhas retas e minimalistas. Seus assentos amplos, de proporções generosas, são firmemente estofados, proporcionando conforto sem abrir mão da elegância visual. As almofadas de encosto soltas, em diferentes tamanhos e texturas, complementam o conjunto com um toque de descontração e possibilitam variações de apoio e composição. A estrutura conta com braços retos e delgados, além de uma base metálica de perfil delgado e pés esbeltos, que elevam a peça do chão e conferem uma sensação de leveza e sofisticação ao conjunto. Versátil, o Nurb é configurável em diferentes composições — do compacto ao mais expansivo — adaptando-se com naturalidade a variados ambientes e estilos de uso. Disponível em diversos acabamentos.",https://folioliving.com.br/assets/uploads/2025/04/1-14.jpg,"[""https://folioliving.com.br/assets/uploads/2025/04/3-7.jpg"", ""https://folioliving.com.br/assets/uploads/2025/04/2-7.jpg""]",,https://3dwarehouse.sketchup.com/model/dd894b1f-4358-48a3-adc0-46931d052d48/Sof%C3%A1-Nurb-Folio
Cadeira Ella,Neriage + Folio A partir de: R$7,Cadeira,"052X051X080x052 *Mobiliário com ampla personalização, variando os valores de acordo com o acabamento e dimensão escolhidos* solicite seu orçamento Encontre uma loja mais próxima Galeria Descrição A cadeira Ella surge da intersecção entre moda e mobiliário, unindo o universo do vestível ao habitável em uma peça de linhas puras e presença sensível","A cadeira Ella surge da intersecção entre moda e mobiliário, unindo o universo do vestível ao habitável em uma peça de linhas puras e presença sensível. Parte da colaboração entre a marca de design Folio e a grife Neriage, Ella incorpora o plissado — técnica marcante da estilista Rafaella Caniello — como linguagem têxtil aplicada ao objeto. Revestida por completo em um tecido plissado, a cadeira propõe uma continuidade visual entre estrutura e revestimento. Suas formas arredondadas e acolhedoras traduzem o conforto através de curvas sutis, enquanto os detalhes do tecido evocam o movimento e a fluidez típicos do vestuário. Com proporções compactas e estética minimalista, Ella se adapta com elegância a diferentes ambientes, trazendo consigo um gesto de suavidade e afeto. Mais do que um assento, Ella é um gesto poético de design que conecta corpo, casa e vestimenta. Disponível em tamanho único com múltiplos acabamentos.",https://folioliving.com.br/assets/uploads/2025/05/1-7.jpg,"[""https://folioliving.com.br/assets/uploads/2025/05/01-1-scaled.jpg"", ""https://folioliving.com.br/assets/uploads/2025/05/5-1.jpg"", ""https://folioliving.com.br/assets/uploads/2025/05/2-5.jpg"", ""https://folioliving.com.br/assets/uploads/2025/05/04-scaled.jpg"", ""https://folioliving.com.br/assets/uploads/2025/05/50-scaled.jpg"", ""https://folioliving.com.br/assets/uploads/2025/05/03-1-scaled.jpg"", ""https://folioliving.com.br/assets/uploads/2025/05/4-3.jpg"", ""https://folioliving.com.br/assets/uploads/2025/05/02-1-scaled.jpg""]",,https://3dwarehouse.sketchup.com/model/2e9ab447-5a40-4e2e-b186-e250ce7febc0/Cadeira-Ella-Plissados
Mesa Lateral Piano Retangular,Ricardo Van Steen A partir de: R$17,Mesa Lateral,"080X060X045 *Mobiliário com ampla personalização, variando os valores de acordo com o acabamento e dimensão escolhidos* solicite seu orçamento Encontre uma loja mais próxima Galeria Descrição A mesa lateral Piano, assinada por Ricardo Van Steen + André Paoliello, combina função e expressão visual por meio de um sofisticado trabalho cromático com ladrilhos cerâmicos esmaltados da linha cottoricci","A mesa lateral Piano, assinada por Ricardo Van Steen + André Paoliello, combina função e expressão visual por meio de um sofisticado trabalho cromático com ladrilhos cerâmicos esmaltados da linha cottoricci. Aplicados em um plano modular, os ladrilhos introduzem uma composição vibrante e mutável e pode ser utilizada em área externa. A estrutura em aço carbono confere leveza e estabilidade ao conjunto. O acabamento esmaltado dos ladrilhos reflete a luz de maneira delicada, ressaltando as nuances das cores e as pequenas irregularidades naturais do processo manual. Essa fusão entre matéria industrial e saber artesanal transforma o aparador em um elemento escultórico e funcional, ideal tanto para ambientes residenciais quanto comerciais que valorizam o design autoral e a singularidade de cada detalhe. Disponível em tamanho único com múltiplos acabamentos.",https://folioliving.com.br/assets/uploads/2025/05/1-4.jpg,"[""https://folioliving.com.br/assets/uploads/2025/05/5-9-scaled.jpg"", ""https://folioliving.com.br/assets/uploads/2025/05/4-11-scaled.jpg"", ""https://folioliving.com.br/assets/uploads/2025/05/4-1.jpg"", ""https://folioliving.com.br/assets/uploads/2025/05/9-4-scaled.jpg"", ""https://folioliving.com.br/assets/uploads/2025/05/5.jpg"", ""https://folioliving.com.br/assets/uploads/2025/05/6-1.jpg"", ""https://folioliving.com.br/assets/uploads/2025/05/7-1.jpg"", ""https://folioliving.com.br/assets/uploads/2025/05/8-4-scaled.jpg"", ""https://folioliving.com.br/assets/uploads/2025/05/2-4.jpg"", ""https://folioliving.com.br/assets/uploads/2025/05/3-2.jpg"", ""https://folioliving.com.br/assets/uploads/2025/05/2-14-scaled.jpg"", ""https://folioliving.com.br/assets/uploads/2025/05/3-11-scaled.jpg"", ""https://folioliving.com.br/assets/uploads/2025/05/1-16-scaled.jpg"", ""https://folioliving.com.br/assets/uploads/2025/05/6-8-scaled.jpg""]",,https://3dwarehouse.sketchup.com/model/774b5bc2-3b99-463b-a7bc-c6ec06a0f0ac/Mesa-Lateral-Piano
Cadeira Londrina,Ricardo Van Steen Com braço a partir de: R$9,Cadeira,"058x066x084 *Mobiliário com ampla personalização, variando os valores de acordo com o acabamento e dimensão escolhidos* solicite seu orçamento Encontre uma loja mais próxima Galeria Descrição A cadeira Londrina é uma homenagem à cidade que acolhe a fábrica Folio e representa a origem da marca","A cadeira Londrina é uma homenagem à cidade que acolhe a fábrica Folio e representa a origem da marca. Assinada por Ricardo Van Steen, a peça traduz o espírito do design brasileiro contemporâneo ao aliar a força construtiva à elegância formal. Produzida em lyptus tingido, madeira de tonalidade quente e veios suaves, revela a nobreza dos materiais e a dedicação artesanal em cada detalhe. O desenho de linhas puras e estrutura precisa evidencia a atenção minuciosa à ergonomia e ao acabamento. Os braços levemente arredondados e os encaixes meticulosamente trabalhados conferem robustez estrutural sem abrir mão da leveza visual. A geometria refinada valoriza a execução manual da madeira, enquanto os encontros entre os perfis, suavemente modelados, garantem conforto tátil e um apuro estético singular. Mais do que um objeto utilitário, a cadeira Londrina é a expressão da identidade da Folio: o encontro entre tradição, técnica refinada e uma visão contemporânea do morar.",https://folioliving.com.br/assets/uploads/2025/04/10-scaled.jpg,"[""https://folioliving.com.br/assets/uploads/2025/04/6-4-scaled.jpg"", ""https://folioliving.com.br/assets/uploads/2025/04/8-1-scaled.jpg"", ""https://folioliving.com.br/assets/uploads/2025/04/14-1-scaled.jpg"", ""https://folioliving.com.br/assets/uploads/2025/04/15-2-scaled.jpg"", ""https://folioliving.com.br/assets/uploads/2025/04/9-1-scaled.jpg"", ""https://folioliving.com.br/assets/uploads/2025/04/7-2-scaled.jpg"", ""https://folioliving.com.br/assets/uploads/2025/04/13-2-scaled.jpg"", ""https://folioliving.com.br/assets/uploads/2025/04/12-2-scaled.jpg""]",,https://3dwarehouse.sketchup.com/model/e15e4853-3d62-4ff6-9c12-d0ddf6e505f6/Cadeira-Londrina
Aparador Piano Suspenso,Ricardo Van Steen A partir de: R$24,Aparador,"150X045X076 *Mobiliário com ampla personalização, variando os valores de acordo com o acabamento e dimensão escolhidos* solicite seu orçamento Encontre uma loja mais próxima Galeria Descrição O aparador Piano suspenso, assinado por Ricardo van Steen, combina função e expressão visual por meio de um sofisticado trabalho cromático com ladrilhos cerâmicos esmaltados da linha cottoricci","O aparador Piano suspenso, assinado por Ricardo van Steen, combina função e expressão visual por meio de um sofisticado trabalho cromático com ladrilhos cerâmicos esmaltados da linha cottoricci. Aplicados em um plano modular de tonalidades pastel, os ladrilhos introduzem uma composição vibrante e mutável, marcada por variações sutis de cor e textura que tornam cada peça única e irrepetível. A estrutura em aço carbono confere leveza e estabilidade ao conjunto. O acabamento esmaltado dos ladrilhos reflete a luz de maneira delicada, ressaltando as nuances das cores e as pequenas irregularidades naturais do processo manual. Essa fusão entre matéria industrial e saber artesanal transforma o aparador em um elemento escultórico e funcional, ideal tanto para ambientes residenciais quanto comerciais que valorizam o design autoral e a singularidade de cada detalhe. Disponível em tamanho único com múltiplos acabamentos.",https://folioliving.com.br/assets/uploads/2025/05/1.jpg,"[""https://folioliving.com.br/assets/uploads/2025/05/cadeira-legiti-perfu.jpg"", ""https://folioliving.com.br/assets/uploads/2025/05/2-2.jpg""]",,https://3dwarehouse.sketchup.com/model/99aabb6c-38d6-4452-9e24-5aa4050f7d22/Aparador-Piano-Suspenso
Sofá Granito,Ricardo Van Steen A partir de: R$33,Sofá,"174X084X068 *Mobiliário com ampla personalização, variando os valores de acordo com o acabamento e dimensão escolhidos* solicite seu orçamento Encontre uma loja mais próxima Galeria Descrição O sofá Granito, assinado por Ricardo Van Steen, combina robustez estrutural com conforto e sofisticação","O sofá Granito, assinado por Ricardo Van Steen, combina robustez estrutural com conforto e sofisticação. Sua base em madeira lypitus apresenta curvas precisas e acabamento escuro, destacando a qualidade artesanal e a elegância atemporal da peça. O assento e o encosto são generosamente estofados e revestidos em bouclé, criando um contraste marcante entre textura e estrutura. As costuras profundas ressaltam os volumes e reforçam a geometria do desenho, enquanto as tiras aparentes sob o assento revelam a lógica construtiva da peça. Disponível em tamanho único com múltiplos acabamentos.",https://folioliving.com.br/assets/uploads/2025/05/1-10.jpg,"[""https://folioliving.com.br/assets/uploads/2025/05/105-scaled.jpg"", ""https://folioliving.com.br/assets/uploads/2025/05/107-scaled.jpg"", ""https://folioliving.com.br/assets/uploads/2025/05/Sofa-Granito-2.png"", ""https://folioliving.com.br/assets/uploads/2025/05/Sofa-Granito-3.png"", ""https://folioliving.com.br/assets/uploads/2025/05/101-scaled.jpg"", ""https://folioliving.com.br/assets/uploads/2025/05/100-scaled.jpg"", ""https://folioliving.com.br/assets/uploads/2025/05/102-scaled.jpg"", ""https://folioliving.com.br/assets/uploads/2025/05/Sofa-Granito-4.png"", ""https://folioliving.com.br/assets/uploads/2025/05/104-scaled.jpg"", ""https://folioliving.com.br/assets/uploads/2025/05/106-scaled.jpg""]",,https://3dwarehouse.sketchup.com/model/6bf32a12-c680-4816-a372-787f451c7f59/Sof%C3%A1-Granito
Mesa Lateral Cadere,Folio A partir de: R$4,Mesa Lateral,"055x037x052 *Mobiliário com ampla personalização, variando os valores de acordo com o acabamento e dimensão escolhidos* solicite seu orçamento Encontre uma loja mais próxima Galeria Descrição A mesa lateral Cadere combina leveza visual com elegância orgânica, expressando um design contemporâneo de inspiração natural","A mesa lateral Cadere combina leveza visual com elegância orgânica, expressando um design contemporâneo de inspiração natural. Seu tampo possui forma assimétrica e arredondada, remetendo ao desenho fluido de uma pedra suavemente polida. A estrutura metálica é composta por um único pé central que se desdobra em três hastes curvas formando a base, proporcionando estabilidade com uma estética minimalista. Esse detalhe construtivo, além de funcional, reforça o caráter escultural da peça, com uma delicadeza técnica que a torna ideal para composições leves e elegantes. Disponível em dois tamanhos e múltiplos acabamentos.",https://folioliving.com.br/assets/uploads/2025/04/1-15.jpg,"[""https://folioliving.com.br/assets/uploads/2025/04/5-7-scaled.jpg"", ""https://folioliving.com.br/assets/uploads/2025/04/4-7-scaled.jpg"", ""https://folioliving.com.br/assets/uploads/2025/04/2-8.jpg"", ""https://folioliving.com.br/assets/uploads/2025/04/3-8.jpg"", ""https://folioliving.com.br/assets/uploads/2025/04/6-6-scaled.jpg"", ""https://folioliving.com.br/assets/uploads/2025/04/8-2-scaled.jpg"", ""https://folioliving.com.br/assets/uploads/2025/04/9-2-scaled.jpg"", ""https://folioliving.com.br/assets/uploads/2025/04/7-4-scaled.jpg""]",,https://3dwarehouse.sketchup.com/model/68badd3d-3fa8-4928-90e4-008e3385ff75/Mesa-Lateral-Cadere-e-Mesa-Lateral-Palla
Sofá Dark,Folio A partir de: R$25,Sofá,"283x091x065x220 *Mobiliário com ampla personalização, variando os valores de acordo com o acabamento e dimensão escolhidos* solicite seu orçamento Encontre uma loja mais próxima Galeria Descrição O sofá Dark é modular e apresenta um design contemporâneo de linhas retas e elegância minimalista","O sofá Dark é modular e apresenta um design contemporâneo de linhas retas e elegância minimalista. Com assentos largos, profundos e generosamente estofados, oferece uma experiência de conforto acolhedora, ideal para momentos de descanso prolongado. As almofadas de encosto são soltas e volumosas, cuidadosamente posicionadas para garantir suporte ergonômico e um visual convidativo. Diferencia-se por incorporar uma prática e sofisticada extensão lateral (bandeja) em madeira natural, integrada à estrutura do sofá como uma superfície de apoio — perfeita para acomodar objetos decorativos, livros ou itens de uso cotidiano. Essa solução embutida reforça a funcionalidade da peça, dispensando a necessidade de mesas laterais e acentuando sua estética contínua. Disponível em múltiplos tamanhos e acabamentos.",https://folioliving.com.br/assets/uploads/2025/04/1-11.jpg,"[""https://folioliving.com.br/assets/uploads/2025/04/6-3.jpg"", ""https://folioliving.com.br/assets/uploads/2025/04/2-5.jpg"", ""https://folioliving.com.br/assets/uploads/2025/04/3-5.jpg"", ""https://folioliving.com.br/assets/uploads/2025/04/4-3.jpg"", ""https://folioliving.com.br/assets/uploads/2025/04/1-12.jpg"", ""https://folioliving.com.br/assets/uploads/2025/04/5-3.jpg""]",,https://3dwarehouse.sketchup.com/model/281f26f6-398a-47ec-8a8b-be429a014f83/Sof%C3%A1-Dark-Folio
Poltrona We,Folio A partir de: R$16,Poltrona,"075x080x075H *Mobiliário com ampla personalização, variando os valores de acordo com o acabamento e dimensão escolhidos* solicite seu orçamento Encontre uma loja mais próxima Galeria Descrição A poltrona We apresenta um design contemporâneo de linhas suaves e volumetria generosa","A poltrona We apresenta um design contemporâneo de linhas suaves e volumetria generosa. Com encosto curvo e braços integrados à estrutura, sua forma envolvente convida ao relaxamento, criando uma sensação de abrigo e conforto imediato. O assento largo e baixo, aliado à base giratória discreta, permite liberdade de movimento e conforto ergonômico, ideal para momentos de descanso e contemplação. Sua base circular é quase imperceptível, conferindo à peça um visual leve e flutuante. Personalizável em múltiplos acabamentos.",https://folioliving.com.br/assets/uploads/2025/04/1-9.jpg,"[""https://folioliving.com.br/assets/uploads/2025/04/2-4.jpg"", ""https://folioliving.com.br/assets/uploads/2025/04/3-4.jpg"", ""https://folioliving.com.br/assets/uploads/2025/04/4-2.jpg"", ""https://folioliving.com.br/assets/uploads/2025/04/5-2.jpg""]",,https://3dwarehouse.sketchup.com/model/f2c62f2b-47b2-4cca-8476-c220c5a8db0b/Poltrona-We
Mesa de Jantar Belt,"Folio A partir de: R$22,276",Mesa de Jantar,"240x120x076 *Mobiliário com ampla personalização, variando os valores de acordo com o acabamento e dimensão escolhidos* solicite seu orçamento Encontre uma loja mais próxima Galeria Descrição A mesa de jantar Belt apresenta um design contemporâneo, com formas esculturais e proporções marcantes","A mesa de jantar Belt apresenta um design contemporâneo, com formas esculturais e proporções marcantes. Seu tampo retangular com cantos arredondados suaviza o volume e reforça o aspecto tátil da peça, enquanto as bases duplas em formato cônico garantem estabilidade e personalidade. A Belt destaca-se pela combinação entre linhas suaves e presença arquitetônica, tornando-se um ponto focal em ambientes sociais ou corporativos. Personalizável em diversos tamanhos e acabamentos.",https://folioliving.com.br/assets/uploads/2025/04/1-7.jpg,"[""https://folioliving.com.br/assets/uploads/2025/04/2-3.jpg"", ""https://folioliving.com.br/assets/uploads/2025/04/7.jpg"", ""https://folioliving.com.br/assets/uploads/2025/04/6-2.jpg"", ""https://folioliving.com.br/assets/uploads/2025/04/8.jpg"", ""https://folioliving.com.br/assets/uploads/2025/04/1-8.jpg"", ""https://folioliving.com.br/assets/uploads/2025/04/3-3.jpg""]",,https://3dwarehouse.sketchup.com/model/29627a5c-ac6a-4783-9ae8-bb12a1f30baf/Mesa-de-Jantar-Belt
Mesa de Centro Round III,Lab,Mesa de Centro,"100Øx030H *Mobiliário com ampla personalização, variando os valores de acordo com o acabamento e dimensão escolhidos* solicite seu orçamento Encontre uma loja mais próxima Galeria Descrição A mesa de centro Round conta com um design contemporâneo, marcado por linhas retas minimalistas","A mesa de centro Round conta com um design contemporâneo, marcado por linhas retas minimalistas. Com seu tampo circular generoso e base cilíndrica contínua, a peça oferece uma presença sólida e elegante ao ambiente. O formato limpo e monolítico revela um desenho puro, que valoriza os materiais e suas texturas naturais. Com diferentes tonalidades de madeira, do claro ao escuro, a Round traz calor e versatilidade, podendo compor diversos estilos de interiores. Personalizável em diversos tamanhos e acabamentos.",https://folioliving.com.br/assets/uploads/2025/04/17-1.jpg,"[""https://folioliving.com.br/assets/uploads/2025/04/22.jpg"", ""https://folioliving.com.br/assets/uploads/2025/04/19.jpg"", ""https://folioliving.com.br/assets/uploads/2025/04/18.jpg"", ""https://folioliving.com.br/assets/uploads/2025/04/20.jpg"", ""https://folioliving.com.br/assets/uploads/2025/04/17-2.jpg"", ""https://folioliving.com.br/assets/uploads/2025/04/23.jpg""]",,https://3dwarehouse.sketchup.com/model/6cc9409b-75d1-4d8e-b81c-b23f2adf20ce/Mesa-de-Centro-Round-II
Mesa de Centro Round I,Lab,Mesa de Centro,"100Øx030H *Mobiliário com ampla personalização, variando os valores de acordo com o acabamento e dimensão escolhidos* solicite seu orçamento Encontre uma loja mais próxima Galeria Descrição A mesa de centro Round conta com um design contemporâneo, marcado por linhas retas minimalistas","A mesa de centro Round conta com um design contemporâneo, marcado por linhas retas minimalistas. Com seu tampo circular generoso e base cilíndrica contínua, a peça oferece uma presença sólida e elegante ao ambiente. O formato limpo e monolítico revela um desenho puro, que valoriza os materiais e suas texturas naturais. Com diferentes tonalidades de madeira, do claro ao escuro, a Round traz calor e versatilidade, podendo compor diversos estilos de interiores. Personalizável em diversos tamanhos e acabamentos.",https://folioliving.com.br/assets/uploads/2025/04/15.jpg,"[""https://folioliving.com.br/assets/uploads/2025/04/13.jpg"", ""https://folioliving.com.br/assets/uploads/2025/04/12.jpg"", ""https://folioliving.com.br/assets/uploads/2025/04/16.jpg"", ""https://folioliving.com.br/assets/uploads/2025/04/14.jpg"", ""https://folioliving.com.br/assets/uploads/2025/04/cadeira-legiti-perfu8282.png"", ""https://folioliving.com.br/assets/uploads/2025/04/cadeira-legiti-perfu.png""]",,https://3dwarehouse.sketchup.com/model/6cc9409b-75d1-4d8e-b81c-b23f2adf20ce/Mesa-de-Centro-Round-II
Estante Pixel,Lab,Estante,"155x040x211 *Mobiliário com ampla personalização, variando os valores de acordo com o acabamento e dimensão escolhidos* solicite seu orçamento Encontre uma loja mais próxima Galeria Descrição A estante Pixel é modular e conta com um design contemporâneo, marcado por linhas retas minimalistas","A estante Pixel é modular e conta com um design contemporâneo, marcado por linhas retas minimalistas. Sua estrutura é composta por uma grade tridimensional de perfis metálicos que delimita o espaço com leveza gráfica e rigor geométrico. No interior dessa malha ortogonal, os planos de apoio se destacam pela precisão construtiva, criando nichos funcionais para organização ou exposição de objetos. A arquitetura aberta da peça permite integração visual com o ambiente, enquanto sua composição modular possibilita variações de uso e aplicação. Personalizável em diversos tamanhos e acabamentos.",https://folioliving.com.br/assets/uploads/2025/04/1-2.jpg,"[""https://folioliving.com.br/assets/uploads/2025/04/2-1.jpg"", ""https://folioliving.com.br/assets/uploads/2025/04/5.jpg"", ""https://folioliving.com.br/assets/uploads/2025/04/4-1.jpg"", ""https://folioliving.com.br/assets/uploads/2025/04/3-1.jpg"", ""https://folioliving.com.br/assets/uploads/2025/04/6-1.jpg"", ""https://folioliving.com.br/assets/uploads/2025/04/1-3.jpg""]",,https://3dwarehouse.sketchup.com/model/b6b5cfc6-40b0-409a-8a31-893eac00d9e6/Estante-Pixel
Cama Zizu,Folio A partir de: R$20,Cama,,"A cama Zizu apresenta um design contemporâneo, marcado por linhas retas e proporções generosas. Sua estrutura baixa, com laterais espessas e encosto estofado, oferece uma estética monolítica que valoriza o conforto e a presença no ambiente. O estofamento contínuo, aliado ao acabamento com viés aparente, confere à peça um ar acolhedor e ao mesmo tempo preciso. Ideal para compor quartos minimalistas, a Zizu alia funcionalidade com uma elegância atemporal. Personalizável em diversos tecidos e tamanhos que vai do solteiro a king.",https://folioliving.com.br/assets/uploads/2025/04/1.jpg,"[""https://folioliving.com.br/assets/uploads/2025/04/2.jpg"", ""https://folioliving.com.br/assets/uploads/2025/04/1-1.jpg"", ""https://folioliving.com.br/assets/uploads/2025/04/3.jpg"", ""https://folioliving.com.br/assets/uploads/2025/04/4.jpg""]",,
Buffet Gio Vazado,Estúdio LL2 A partir de: R$21,Buffet,"180X045X070 *Mobiliário com ampla personalização, variando os valores de acordo com o acabamento e dimensão escolhidos* Encontre uma loja mais próxima Galeria Descrição O Buffet Gio é uma peça de design contemporâneo que une simplicidade formal e sofisticação material","OBuffet Gioé uma peça de design contemporâneo que une simplicidade formal e sofisticação material. Estruturado em linhas retas e geométricas, apresenta um volume limpo e contínuo, apoiado em pés robustos que reforçam sua estabilidade e presença no ambiente. Disponível em múltiplos tamanhos e acabamentos.",https://folioliving.com.br/assets/uploads/2025/01/1-1-scaled.jpg,"[""https://folioliving.com.br/assets/uploads/2025/01/10-scaled.jpg"", ""https://folioliving.com.br/assets/uploads/2025/01/8-scaled.jpg"", ""https://folioliving.com.br/assets/uploads/2025/01/6-scaled.jpg"", ""https://folioliving.com.br/assets/uploads/2025/01/4-scaled.jpg"", ""https://folioliving.com.br/assets/uploads/2025/01/9-scaled.jpg"", ""https://folioliving.com.br/assets/uploads/2025/01/7-scaled.jpg""]",,https://3dwarehouse.sketchup.com/model/43d81574-a56e-44ee-8746-e15b13aa5a03/Buffet-Gio-sem-portas
Mesa de Jantar Ava Oblonga,Estúdio LL2 A partir de: R$43,Mesa de Jantar,"300X120X076 *Mobiliário com ampla personalização, variando os valores de acordo com o acabamento e dimensão escolhidos* solicite seu orçamento Encontre uma loja mais próxima Galeria Descrição A mesa de jantar Ava Oblonga apresenta um design contemporâneo, marcado por linhas limpas e proporções generosas","A mesa de jantar Ava Oblonga apresenta um design contemporâneo, marcado por linhas limpas e proporções generosas. Seu tampo ovalado suaviza a geometria e convida à convivência, enquanto a estrutura robusta com pés cilíndricos em madeira maciça imprime solidez e presença. Uma barra metálica atravessa a base, introduzindo um elemento de contraste visual e funcionalidade estrutural. A Ava Oblonga equilibra força e leveza com elegância, adaptando-se com facilidade a diferentes composições de cadeiras e ambientes. Personalizável em diversos tamanhos e acabamentos.",https://folioliving.com.br/assets/uploads/2024/10/1-8-scaled.jpg,"[""https://folioliving.com.br/assets/uploads/2024/10/11.jpg"", ""https://folioliving.com.br/assets/uploads/2024/10/15.jpg"", ""https://folioliving.com.br/assets/uploads/2024/10/9-4-scaled.jpg"", ""https://folioliving.com.br/assets/uploads/2024/10/6-3-scaled.jpg"", ""https://folioliving.com.br/assets/uploads/2024/10/1-9-scaled.jpg"", ""https://folioliving.com.br/assets/uploads/2024/10/4-4-scaled.jpg"", ""https://folioliving.com.br/assets/uploads/2024/10/12-1.jpg"", ""https://folioliving.com.br/assets/uploads/2024/10/14-1.jpg""]",,https://3dwarehouse.sketchup.com/model/94acd0f5-82c3-4198-a542-305726c7c18b/Mesa-de-Jantar-Ava-Oblonga
Espelho Cubo,Estúdio LL2 A partir de: R$10,Espelho,"064,5X064,5X006 *Mobiliário com ampla personalização, variando os valores de acordo com o acabamento e dimensão escolhidos* solicite seu orçamento Encontre uma loja mais próxima Galeria Descrição O espelho Cubo apresenta um design contemporâneo, marcado por linhas retas e minimalistas","O espelho Cubo apresenta um design contemporâneo, marcado por linhas retas e minimalistas. Sua moldura é composta por módulos quadrados que criam uma borda geométrica precisa e tátil, evocando uma estética gráfica e elegante. A estrutura sólida e simétrica valoriza a repetição modular como elemento decorativo, oferecendo uma leitura escultural ao objeto. Personalizável em diversos tamanhos e acabamentos.",https://folioliving.com.br/assets/uploads/2024/10/3-scaled.jpg,"[""https://folioliving.com.br/assets/uploads/2024/10/20.jpg"", ""https://folioliving.com.br/assets/uploads/2024/10/21.jpg"", ""https://folioliving.com.br/assets/uploads/2024/10/14-scaled.jpg"", ""https://folioliving.com.br/assets/uploads/2024/10/9-scaled.jpg"", ""https://folioliving.com.br/assets/uploads/2024/10/7-scaled.jpg"", ""https://folioliving.com.br/assets/uploads/2024/10/4-scaled.jpg"", ""https://folioliving.com.br/assets/uploads/2024/10/10-scaled.jpg"", ""https://folioliving.com.br/assets/uploads/2024/10/18.jpg"", ""https://folioliving.com.br/assets/uploads/2024/10/1-1-scaled.jpg"", ""https://folioliving.com.br/assets/uploads/2024/10/12-scaled.jpg""]",,https://3dwarehouse.sketchup.com/model/73f22c83-2f1c-4067-9bb7-e7ebd0b3680c/Espelho-Cubos
Mesa de Jantar Round Alta,Lab,Mesa de Jantar,"200x090x090 *Mobiliário com ampla personalização, variando os valores de acordo com o acabamento e dimensão escolhidos* solicite seu orçamento Encontre uma loja mais próxima Galeria Descrição A mesa de jantar Round Alta conta com um design contemporâneo, marcado por linhas retas minimalistas","A mesa de jantar Round Alta conta com um design contemporâneo, marcado por linhas retas minimalistas. Possui tampo alongado e bordas suavemente arredondadas, proporcionando um visual leve e elegante. Sua estrutura é composta por duas bases cilíndricas robustas e discretas, que garantem estabilidade ao conjunto. A relação entre o tampo delgado e as bases sólidas cria um equilíbrio harmonioso entre leveza e solidez. A mesa Round Alta pode ser configurada em diferentes tamanhos e acabamentos.",https://folioliving.com.br/assets/uploads/2023/12/7-12.jpg,"[""https://folioliving.com.br/assets/uploads/2023/12/3-7-scaled.jpg"", ""https://folioliving.com.br/assets/uploads/2023/12/4-6-scaled.jpg"", ""https://folioliving.com.br/assets/uploads/2023/12/6-7-scaled.jpg"", ""https://folioliving.com.br/assets/uploads/2023/12/2-7-scaled.jpg""]",,https://3dwarehouse.sketchup.com/model/989b42b8-8421-4c29-b814-203f3d679f3b/Round-Mesas-de-Jantar-Oblonga
Estante Air,Estúdio LL2 A partir de: R$32,Estante,"124x030x215 *Mobiliário com ampla personalização, variando os valores de acordo com o acabamento e dimensão escolhidos* solicite seu orçamento Encontre uma loja mais próxima Galeria Descrição A estante Air é modular e conta com um design contemporâneo, marcado por linhas retas minimalistas","A estante Air é modular e conta com um design contemporâneo, marcado por linhas retas minimalistas. Possui prateleiras finas e horizontais que se distribuem com leveza ao longo de uma estrutura vertical esbelta, criando uma composição elegante e funcional. Sua estrutura metálica confere firmeza visual e estrutural, ao passo que os suportes fixados na parede proporcionam estabilidade sem comprometer a estética leve do conjunto. Personalizável em diversos acabamentos.",https://folioliving.com.br/assets/uploads/2024/01/1-8-scaled.jpg,"[""https://folioliving.com.br/assets/uploads/2024/01/6-4-scaled.jpg"", ""https://folioliving.com.br/assets/uploads/2024/01/2-4-scaled.jpg"", ""https://folioliving.com.br/assets/uploads/2024/01/7-scaled.jpg"", ""https://folioliving.com.br/assets/uploads/2024/01/4-4-scaled.jpg"", ""https://folioliving.com.br/assets/uploads/2024/01/5-4-scaled.jpg"", ""https://folioliving.com.br/assets/uploads/2024/01/10-1-scaled.jpg"", ""https://folioliving.com.br/assets/uploads/2024/01/11-scaled.jpg"", ""https://folioliving.com.br/assets/uploads/2024/01/9-3-scaled.jpg""]",,https://3dwarehouse.sketchup.com/model/e8a1ea83-872b-4d7f-8621-31ca09da100e/Estante-Air
Mesa Lateral Techno II,Estúdio LL2 A partir de: R$9,Mesa Lateral,"060x025x040 *Mobiliário com ampla personalização, variando os valores de acordo com o acabamento e dimensão escolhidos* solicite seu orçamento Encontre uma loja mais próxima Galeria Descrição A mesa lateral Techno apresenta um design contemporâneo, marcado por linhas retas minimalistas","A mesa lateral Techno apresenta um design contemporâneo, marcado por linhas retas minimalistas. Seu tampo alongado de cantos arredondados confere suavidade ao visual, enquanto as bases verticais retas reforçam a estética limpa e sólida da peça. Com proporções equilibradas, a Techno combina funcionalidade com uma presença elegante e atemporal, podendo ser utilizada de forma versátil em diversos ambientes. Personalizável em dois tamanhos e múltiplos acabamentos.",https://folioliving.com.br/assets/uploads/2023/12/13-scaled.jpg,"[""https://folioliving.com.br/assets/uploads/2023/12/14-1-scaled.jpg"", ""https://folioliving.com.br/assets/uploads/2023/12/17-4.jpg"", ""https://folioliving.com.br/assets/uploads/2023/12/11-scaled.jpg"", ""https://folioliving.com.br/assets/uploads/2023/12/8-1-scaled.jpg"", ""https://folioliving.com.br/assets/uploads/2023/12/12-scaled.jpg"", ""https://folioliving.com.br/assets/uploads/2023/12/6-2-scaled.jpg"", ""https://folioliving.com.br/assets/uploads/2023/12/16-1-scaled.jpg"", ""https://folioliving.com.br/assets/uploads/2023/12/15-1-scaled.jpg""]",,https://3dwarehouse.sketchup.com/model/cfac76d3-4b8d-4ce7-9316-8f9b9027104b/Mesa-Lateral-Techno
Mesa Lateral Pilotis,Estúdio LL2 A partir de: R$8,Mesa Lateral,"045x045x045 *Mobiliário com ampla personalização, variando os valores de acordo com o acabamento e dimensão escolhidos* solicite seu orçamento Encontre uma loja mais próxima Galeria Descrição A mesa lateral Pilotis conta com um design contemporâneo, marcado por linhas retas minimalistas","A mesa lateral Pilotis conta com um design contemporâneo, marcado por linhas retas minimalistas. Possui proporções sólidas e bem definidas, proporcionando equilíbrio visual e funcionalidade. Seu tampo quadrado de madeira repousa sobre uma base cilíndrica robusta, conferindo um visual leve, porém expressivo, ao conjunto. A estrutura valoriza o contraste entre formas geométricas e volumes, criando uma peça que é ao mesmo tempo discreta e marcante. Disponível em tamanho único com múltiplos acabamentos.",https://folioliving.com.br/assets/uploads/2023/12/44-scaled.jpg,"[""https://folioliving.com.br/assets/uploads/2023/12/38-scaled.jpg"", ""https://folioliving.com.br/assets/uploads/2023/12/39-scaled.jpg"", ""https://folioliving.com.br/assets/uploads/2023/12/23-1.jpg"", ""https://folioliving.com.br/assets/uploads/2023/12/18-2.jpg"", ""https://folioliving.com.br/assets/uploads/2023/12/4-7-scaled.jpg"", ""https://folioliving.com.br/assets/uploads/2023/12/2-8-scaled.jpg"", ""https://folioliving.com.br/assets/uploads/2023/12/22-2.jpg"", ""https://folioliving.com.br/assets/uploads/2023/12/16-4.jpg"", ""https://folioliving.com.br/assets/uploads/2023/12/1-21-scaled.jpg"", ""https://folioliving.com.br/assets/uploads/2023/12/20-2.jpg"", ""https://folioliving.com.br/assets/uploads/2023/12/13-6.jpg"", ""https://folioliving.com.br/assets/uploads/2023/12/25-1-scaled.jpg"", ""https://folioliving.com.br/assets/uploads/2023/12/26-1-scaled.jpg"", ""https://folioliving.com.br/assets/uploads/2023/12/24-1.jpg"", ""https://folioliving.com.br/assets/uploads/2023/12/17-3.jpg"", ""https://folioliving.com.br/assets/uploads/2023/12/40-scaled.jpg"", ""https://folioliving.com.br/assets/uploads/2023/12/41-scaled.jpg"", ""https://folioliving.com.br/assets/uploads/2023/12/42-scaled.jpg""]",,https://3dwarehouse.sketchup.com/model/a06eb55e-1166-43c7-b71a-76df47ba6669/Mesa-Lateral-Piloti
Buffet Gio,Estúdio LL2 A partir de: R$37,Buffet,"220x045x070 *Mobiliário com ampla personalização, variando os valores de acordo com o acabamento e dimensão escolhidos* solicite seu orçamento Encontre uma loja mais próxima Galeria Descrição O buffet Gio conta com um design contemporâneo, marcado por linhas retas minimalistas","O buffet Gio conta com um design contemporâneo, marcado por linhas retas minimalistas. Possui portas amplas e superfícies planas, revelando um desenho limpo e funcional que valoriza o uso inteligente dos volumes. Sua estrutura é sólida, com pés centrais e laterais bem distribuídos que garantem estabilidade, enquanto o puxador embutido confere sofisticação ao conjunto. A peça oferece amplo espaço interno, sendo ideal para organização e apoio em diferentes ambientes da casa. O resultado é um buffet de linguagem precisa e atemporal, personalizável em diversos tamanhos e acabamentos.",https://folioliving.com.br/assets/uploads/2024/01/10-2.jpg,"[""https://folioliving.com.br/assets/uploads/2024/01/16.jpg"", ""https://folioliving.com.br/assets/uploads/2024/01/12.jpg"", ""https://folioliving.com.br/assets/uploads/2024/01/7-4-scaled.jpg"", ""https://folioliving.com.br/assets/uploads/2024/01/14.jpg"", ""https://folioliving.com.br/assets/uploads/2024/01/13.jpg"", ""https://folioliving.com.br/assets/uploads/2024/01/10-3.jpg""]",,https://3dwarehouse.sketchup.com/model/c3dde6bb-ad60-40ab-b414-25b4a48fed1a/Bffet-Gio
Mesa Lateral Seb,Estúdio LL2 A partir de: R$9,Mesa Lateral,"045Øx048h *Mobiliário com ampla personalização, variando os valores de acordo com o acabamento e dimensão escolhidos* solicite seu orçamento Encontre uma loja mais próxima Galeria Descrição A mesa lateral Seb conta com um design contemporâneo, marcado por linhas curvas e minimalistas","A mesa lateral Seb conta com um design contemporâneo, marcado por linhas curvas e minimalistas. Possui estrutura de quatro pés tubulares que se conectam suavemente à superfície circular, proporcionando estabilidade e um visual escultural e elegante. Seu desenho leve e fluido faz da Seb uma peça versátil, capaz de complementar diversos ambientes com personalidade e sofisticação. Personalizável em diferentes acabamentos e cores.",https://folioliving.com.br/assets/uploads/2024/01/1-15-scaled.jpg,"[""https://folioliving.com.br/assets/uploads/2024/01/14-1.jpg"", ""https://folioliving.com.br/assets/uploads/2024/01/12-1.jpg"", ""https://folioliving.com.br/assets/uploads/2024/01/13-1.jpg"", ""https://folioliving.com.br/assets/uploads/2024/01/6-7-scaled.jpg"", ""https://folioliving.com.br/assets/uploads/2024/01/4-7-scaled.jpg"", ""https://folioliving.com.br/assets/uploads/2024/01/3-7-scaled.jpg"", ""https://folioliving.com.br/assets/uploads/2024/01/7-7-scaled.jpg"", ""https://folioliving.com.br/assets/uploads/2024/01/8-5-scaled.jpg"", ""https://folioliving.com.br/assets/uploads/2024/01/1-18-scaled.jpg"", ""https://folioliving.com.br/assets/uploads/2024/01/2-9-scaled.jpg""]",,https://3dwarehouse.sketchup.com/model/577ac1ff-5e86-410d-89ee-f8de6c3d899f/Mesa-Lateral-Seb
Mesa Lateral Kira,Estúdio LL2 A partir de: R$7,Mesa Lateral,"035x032x042 *Mobiliário com ampla personalização, variando os valores de acordo com o acabamento e dimensão escolhidos* solicite seu orçamento Encontre uma loja mais próxima Galeria Descrição A mesa lateral Kira conta com um design contemporâneo, marcado por linhas retas minimalistas","A mesa lateral Kira conta com um design contemporâneo, marcado por linhas retas minimalistas. Possui tampo em pedra natural com bordas suavemente arredondadas, que descansa sobre uma estrutura robusta de madeira, composta por três apoios verticais que garantem estabilidade e leveza visual. Seu formato pentagonal orgânico adiciona um toque de dinamismo e sofisticação ao ambiente. Disponível em diferentes acabamentos de madeira e pedras naturais, a Kira adapta-se com facilidade a diferentes estilos e espaços, unindo funcionalidade com uma elegância atemporal.",https://folioliving.com.br/assets/uploads/2023/12/1-22-scaled.jpg,"[""https://folioliving.com.br/assets/uploads/2023/12/19-2.jpg"", ""https://folioliving.com.br/assets/uploads/2023/12/2-15-scaled.jpg"", ""https://folioliving.com.br/assets/uploads/2023/12/24-2-scaled.jpg"", ""https://folioliving.com.br/assets/uploads/2023/12/22-3-scaled.jpg"", ""https://folioliving.com.br/assets/uploads/2023/12/4-16-scaled.jpg"", ""https://folioliving.com.br/assets/uploads/2023/12/21-1.jpg"", ""https://folioliving.com.br/assets/uploads/2023/12/17-2.jpg"", ""https://folioliving.com.br/assets/uploads/2023/12/20-1.jpg"", ""https://folioliving.com.br/assets/uploads/2023/12/23-2-scaled.jpg"", ""https://folioliving.com.br/assets/uploads/2023/12/26-2-scaled.jpg""]",,https://3dwarehouse.sketchup.com/model/8bcd27e3-9b0d-4c39-85fa-59e8b52be58a/Mesa-Lateral-Kira
Banco Nazar II,Estúdio LL2 A partir de: R$20,Banco,"100x030x060 *Mobiliário com ampla personalização, variando os valores de acordo com o acabamento e dimensão escolhidos* solicite seu orçamento Encontre uma loja mais próxima Galeria Descrição O banco Nazar é uma peça que carrega um design contemporâneo marcante, caracterizado por linhas escultóricas e formas geométricas puras","O banco Nazar é uma peça que carrega um design contemporâneo marcante, caracterizado por linhas escultóricas e formas geométricas puras. Com assento largo e confortável, sua estrutura sólida apresenta um visual monolítico e escultural que se destaca em qualquer ambiente. Nazar é uma família de artefatos sem um propósito fixo definido. São explorações geométricas desenvolvidas para transmitir energia e beleza, podendo funcionar tanto como escultura – objeto de fruição estética – quanto para uso funcional, servindo como assento ou apoio. A coleção é fruto da observação de arquétipos ancestrais e da arquitetura vernacular, mesclando tradição e contemporaneidade. Personalizável em diferentes acabamentos e cores, o banco Nazar transita entre o utilitário e o artístico, se adaptando com facilidade a diversos espaços e estilos de decoração.",https://folioliving.com.br/assets/uploads/2023/11/23.jpg,"[""https://folioliving.com.br/assets/uploads/2023/11/27-scaled.jpg"", ""https://folioliving.com.br/assets/uploads/2023/11/14-1-scaled.jpg"", ""https://folioliving.com.br/assets/uploads/2023/11/8-scaled.jpg"", ""https://folioliving.com.br/assets/uploads/2023/11/24.jpg"", ""https://folioliving.com.br/assets/uploads/2023/11/26-scaled.jpg"", ""https://folioliving.com.br/assets/uploads/2023/11/9-scaled.jpg""]",,https://3dwarehouse.sketchup.com/model/df0cf2a8-6c45-4fee-b174-daf2761e1f70/Banco-Nazar
Mesa de Jantar Cloe,Estúdio LL2,Mesa de Jantar,,"A mesa de jantar Cloe conta com um design contemporâneo, marcado por linhas curvas minimalistas e uma construção sólida em madeira. Seu tampo de bordas arredondadas e espessura generosa transmite aconchego visual e refinamento tátil. A estrutura é composta por dois robustos apoios laterais de formato trapezoidal, conectados por uma barra central, que garante estabilidade e equilíbrio ao conjunto. Disponível em múltiplos tamanhos e acabamentos.",https://folioliving.com.br/assets/uploads/2023/12/1-14-scaled.jpg,"[""https://folioliving.com.br/assets/uploads/2023/12/7-7-scaled.jpg"", ""https://folioliving.com.br/assets/uploads/2023/12/6-6-scaled.jpg"", ""https://folioliving.com.br/assets/uploads/2023/12/9-3-scaled.jpg"", ""https://folioliving.com.br/assets/uploads/2023/12/8-4-scaled.jpg"", ""https://folioliving.com.br/assets/uploads/2023/12/1-15-scaled.jpg"", ""https://folioliving.com.br/assets/uploads/2023/12/2-6-scaled.jpg""]",,https://3dwarehouse.sketchup.com/model/6651d9b7-f739-4138-a048-3e3c7afaa3ad/Mesa-de-Jantar-Cloe
Mesa de Centro Balance,Folio A partir de: R$10,Mesa de Centro,"115x095x030 *Mobiliário com ampla personalização, variando os valores de acordo com o acabamento e dimensão escolhidos* solicite seu orçamento Encontre uma loja mais próxima Galeria Descrição A mesa de centro Balance é uma peça de design contemporâneo que se destaca por suas formas orgânicas e composição fluida","A mesa de centro Balance é uma peça de design contemporâneo que se destaca por suas formas orgânicas e composição fluida. Composta por tampos de contornos assimétricos, ela evoca o desenho natural de pedras roladas, conferindo leveza e movimento ao ambiente. Balance está disponível em múltiplos tamanhos e acabamentos, permitindo combinações versáteis e sofisticadas. Os tampos se sobrepõem levemente entre si quando dispostos em composição, criando um efeito visual dinâmico e elegante. As variações de altura entre as mesas reforçam essa fluidez e conferem profundidade ao conjunto. As bases metálicas são finas e discretas, com pés de aço pintado que sustentam os tampos com leveza e firmeza.",https://folioliving.com.br/assets/uploads/2024/08/1-22-scaled.jpg,"[""https://folioliving.com.br/assets/uploads/2024/08/00.jpg"", ""https://folioliving.com.br/assets/uploads/2024/08/01-scaled.jpg"", ""https://folioliving.com.br/assets/uploads/2024/08/05.jpg"", ""https://folioliving.com.br/assets/uploads/2024/08/06.jpg"", ""https://folioliving.com.br/assets/uploads/2024/08/02-scaled.jpg"", ""https://folioliving.com.br/assets/uploads/2024/08/5-17-scaled.jpg"", ""https://folioliving.com.br/assets/uploads/2024/08/12-2-scaled.jpg"", ""https://folioliving.com.br/assets/uploads/2024/08/11-3-scaled.jpg""]",,https://3dwarehouse.sketchup.com/model/de915dcf-3017-46a6-9c29-a45d04d16502/Mesa-de-Centro-Balance
Mesa de Jantar Berg,Estúdio LL2 A partir de: R$38,Mesa de Jantar,"280x090x076 *Mobiliário com ampla personalização, variando os valores de acordo com o acabamento e dimensão escolhidos* solicite seu orçamento Encontre uma loja mais próxima Galeria Descrição A mesa de jantar Berg conta com um design contemporâneo, marcado por linhas retas minimalistas e proporções bem definidas","A mesa de jantar Berg conta com um design contemporâneo, marcado por linhas retas minimalistas e proporções bem definidas. Seu tampo é amplo e fino, com cantos suavemente angulados, o que confere leveza visual e refinamento. A sustentação se dá por meio de duas colunas metálicas centrais que se conectam a bases robustas de concreto moldado, em formato piramidal. O contraste entre o tampo elegante e os pés escultóricos ressalta a harmonia entre matéria bruta e precisão formal. A mesa é personalizável em diferentes tamanhos e acabamentos.",https://folioliving.com.br/assets/uploads/2024/01/1-scaled.jpg,"[""https://folioliving.com.br/assets/uploads/2024/01/10-5.jpg"", ""https://folioliving.com.br/assets/uploads/2024/01/7-3-scaled.jpg"", ""https://folioliving.com.br/assets/uploads/2024/01/6-scaled.jpg"", ""https://folioliving.com.br/assets/uploads/2024/01/5-scaled.jpg"", ""https://folioliving.com.br/assets/uploads/2024/01/11-3.jpg"", ""https://folioliving.com.br/assets/uploads/2024/01/1-1-scaled.jpg"", ""https://folioliving.com.br/assets/uploads/2024/01/4-scaled.jpg"", ""https://folioliving.com.br/assets/uploads/2024/01/9-2-scaled.jpg""]",,https://3dwarehouse.sketchup.com/model/ecea388c-93bd-4d3c-9452-827b4fca5176/Mesa-de-Jantar-Berg
Sofá Bold,Lab,Sofá,"262X070X220 *Mobiliário com ampla personalização, variando os valores de acordo com o acabamento e dimensão escolhidos* solicite seu orçamento Encontre uma loja mais próxima Galeria Descrição O sofá Bold propõe uma nova forma de habitar o espaço por meio da inteligência modular","O sofá Bold propõe uma nova forma de habitar o espaço por meio da inteligência modular. Com volumes generosos e cantos suavemente arredondados, sua estética robusta e ao mesmo tempo amigável convida ao conforto e à versatilidade. A composição é formada por módulos de assento, encosto e braço que se transformam de acordo com o uso — o braço pode funcionar como puff, o encosto como apoio lateral, e os assentos amplos abrem espaço para almofadas extras, criando uma experiência mais descontraída e acolhedora. O sistema modular do Bold permite composições lineares, angulares ou desconstruídas, adaptando-se a diferentes contextos — de salas de estar residenciais a ambientes corporativos e áreas de espera. As múltiplas opções de cores e tecidos, aliadas à variedade de formas, conferem personalidade única a cada configuração. Seu sistema de encaixe é extremamente simples, favorecendo reorganizações rápidas e intuitivas conforme a necessidade do espaço. Mais do que um sofá, o Bold é um ponto de encontro. Uma ilha multifuncional onde a convivência e o relaxamento acontecem com naturalidade.",https://folioliving.com.br/assets/uploads/2023/06/1-94-scaled.jpg,"[""https://folioliving.com.br/assets/uploads/2023/06/15-3-scaled.jpg"", ""https://folioliving.com.br/assets/uploads/2023/06/17-scaled.jpg"", ""https://folioliving.com.br/assets/uploads/2023/06/1-130-scaled.jpg"", ""https://folioliving.com.br/assets/uploads/2023/06/2-55-scaled.jpg"", ""https://folioliving.com.br/assets/uploads/2023/06/5-49-scaled.jpg"", ""https://folioliving.com.br/assets/uploads/2023/06/4-48-scaled.jpg"", ""https://folioliving.com.br/assets/uploads/2023/06/16-3-scaled.jpg"", ""https://folioliving.com.br/assets/uploads/2023/06/8-20-scaled.jpg"", ""https://folioliving.com.br/assets/uploads/2023/06/9-17.jpg"", ""https://folioliving.com.br/assets/uploads/2023/06/10-16.jpg"", ""https://folioliving.com.br/assets/uploads/2023/06/3-50-scaled.jpg"", ""https://folioliving.com.br/assets/uploads/2023/06/6-50-scaled.jpg""]",https://www.dropbox.com/scl/fi/tov5ma0ic94fl4j6lgfm9/T2M_Mapa_Bold_R00.pdf?rlkey=en1fghnwx40y28t1pprjblaf1&dl=0,https://3dwarehouse.sketchup.com/model/19da03f4-397c-4b3c-a0f0-e94f93406d63/Sof%C3%A1-Bold-Folio
Mesa de Jantar Matita,Folio A partir de: R$17,Mesa de Jantar,"220X110X076 *Mobiliário com ampla personalização, variando os valores de acordo com o acabamento e dimensão escolhidos* solicite seu orçamento Encontre uma loja mais próxima Galeria Descrição A mesa de jantar Matita, apresenta um design minimalista e elegante, marcado pelo tampo leve e pelas linhas precisas","A mesa de jantar Matita, apresenta um design minimalista e elegante, marcado pelo tampo leve e pelas linhas precisas. O destaque está nos pés em formato de “Y” alongado, uma base metálica esguia que se projeta com grande sutileza visual. Essa estrutura fina, porém estável, cria uma sensação de leveza e refinamento, reforçando o caráter contemporâneo e sofisticado da peça. Disponível em sete tamanhos com múltiplos acabamentos.",https://folioliving.com.br/assets/uploads/2025/11/3-scaled.jpg,"[""https://folioliving.com.br/assets/uploads/2025/11/2-scaled.jpg"", ""https://folioliving.com.br/assets/uploads/2025/11/4-scaled.jpg""]",,https://3dwarehouse.sketchup.com/model/dbba10f1-e584-467f-967b-94435781635c/Mesa-de-Jantar-Matita
Mesa de Jantar Ava,Estúdio LL2 A partir de: R$32,Mesa de Jantar,"140Øx076 *Mobiliário com ampla personalização, variando os valores de acordo com o acabamento e dimensão escolhidos* solicite seu orçamento Encontre uma loja mais próxima Galeria Descrição A mesa de jantar Ava conta com um design contemporâneo, marcado por linhas retas e proporções equilibradas","A mesa de jantar Ava conta com um design contemporâneo, marcado por linhas retas e proporções equilibradas. Com base composta por cilindros de madeira maciça, seu desenho evoca robustez e presença escultórica, contrastando com a leveza visual de seu tampo arredondado. A estrutura é reforçada por travessas metálicas discretas, que conferem estabilidade e sofisticação. A Ava pode ser configurada em diferentes tamanhos e materiais, adaptando-se com naturalidade a variados estilos de interiores.",https://folioliving.com.br/assets/uploads/2023/12/10-2-scaled.jpg,"[""https://folioliving.com.br/assets/uploads/2023/12/14-4.jpg"", ""https://folioliving.com.br/assets/uploads/2023/12/8-3-scaled.jpg"", ""https://folioliving.com.br/assets/uploads/2023/12/3-10-scaled.jpg"", ""https://folioliving.com.br/assets/uploads/2023/12/1-24-scaled.jpg"", ""https://folioliving.com.br/assets/uploads/2023/12/15-8-scaled.jpg"", ""https://folioliving.com.br/assets/uploads/2023/12/2-10-scaled.jpg""]",,https://3dwarehouse.sketchup.com/model/e8528ec2-4549-4f46-8b8c-80702b963605/Mesa-de-Jantar-Ava
Mesa de Centro Round II,Lab,Mesa de Centro,"080Øx030H *Mobiliário com ampla personalização, variando os valores de acordo com o acabamento e dimensão escolhidos* solicite seu orçamento Encontre uma loja mais próxima Galeria Descrição A mesa de centro Round conta com um design contemporâneo, marcado por linhas retas minimalistas","A mesa de centro Round conta com um design contemporâneo, marcado por linhas retas minimalistas. Com seu tampo circular generoso e base cilíndrica contínua, a peça oferece uma presença sólida e elegante ao ambiente. O formato limpo e monolítico revela um desenho puro, que valoriza os materiais e suas texturas naturais. Com diferentes tonalidades de madeira, do claro ao escuro, a Round traz calor e versatilidade, podendo compor diversos estilos de interiores. Personalizável em diversos tamanhos e acabamentos.",https://folioliving.com.br/assets/uploads/2023/04/24-scaled.jpg,"[""https://folioliving.com.br/assets/uploads/2023/04/4-13-scaled.jpg"", ""https://folioliving.com.br/assets/uploads/2023/04/9-1-scaled.jpg"", ""https://folioliving.com.br/assets/uploads/2023/04/5-9-scaled.jpg"", ""https://folioliving.com.br/assets/uploads/2023/04/10-scaled.jpg"", ""https://folioliving.com.br/assets/uploads/2023/04/7-1-scaled.jpg"", ""https://folioliving.com.br/assets/uploads/2023/04/6-8-scaled.jpg"", ""https://folioliving.com.br/assets/uploads/2023/04/2-13-scaled.jpg"", ""https://folioliving.com.br/assets/uploads/2023/04/1-25-scaled.jpg"", ""https://folioliving.com.br/assets/uploads/2023/04/26-scaled.jpg"", ""https://folioliving.com.br/assets/uploads/2023/04/25-scaled.jpg""]",https://www.dropbox.com/scl/fi/bm6hd6pzriielb62blgot/Mesa_Centro_ROUND_des_2D_Folio.jpg?rlkey=98bytd8swj1zdraifj69wsyks&dl=0,https://3dwarehouse.sketchup.com/model/69763a2b-4d0d-41f1-93b4-cfeb9bc2ac76/Mesa-de-Centro-Round
Home Office Tray,Lab,Home,"160x070X081 *Mobiliário com ampla personalização, variando os valores de acordo com o acabamento e dimensão escolhidos* solicite seu orçamento Encontre uma loja mais próxima Galeria Descrição O home office Tray conta com um design contemporâneo, marcado por linhas retas minimalistas","O home office Tray conta com um design contemporâneo, marcado por linhas retas minimalistas. A peça apresenta um tampo delgado sustentado por estrutura metálica leve, com cantos suavemente arredondados que conferem fluidez ao conjunto. Do lado esquerdo, três nichos funcionais — incluindo uma prateleira inferior, uma grade metálica e uma superfície superior — oferecem apoio para objetos e materiais de trabalho. À direita, uma bolsa em couro natural acomoda revistas ou papéis de forma prática e elegante. Personalizável em diversos tamanhos e acabamentos.",https://folioliving.com.br/assets/uploads/2024/09/1-3-scaled.jpg,"[""https://folioliving.com.br/assets/uploads/2024/09/7-2-scaled.jpg"", ""https://folioliving.com.br/assets/uploads/2024/09/9-2-scaled.jpg"", ""https://folioliving.com.br/assets/uploads/2024/09/4-2-scaled.jpg"", ""https://folioliving.com.br/assets/uploads/2024/09/5-2-scaled.jpg"", ""https://folioliving.com.br/assets/uploads/2024/09/10-1-scaled.jpg"", ""https://folioliving.com.br/assets/uploads/2024/09/2-2-scaled.jpg"", ""https://folioliving.com.br/assets/uploads/2024/09/1-4-scaled.jpg"", ""https://folioliving.com.br/assets/uploads/2024/09/3-2-scaled.jpg""]",,https://3dwarehouse.sketchup.com/model/dd487178-c2e7-4964-ade6-e6b841744c11/Tray-Office
Mesa de Centro Techno Oblonga,Estúdio LL2 A partir de: R$21,Mesa de Centro,"180x060x025 *Mobiliário com ampla personalização, variando os valores de acordo com o acabamento e dimensão escolhidos* solicite seu orçamento Encontre uma loja mais próxima Galeria Descrição A mesa de centro Techno possui um design contemporâneo, marcado por linhas retas minimalistas","A mesa de centro Techno possui um design contemporâneo, marcado por linhas retas minimalistas. Com tampo ovalado em aço carbono, destaca-se pela leveza visual mesmo com o uso de materiais robustos. Sua estrutura conta com duas bases laterais planas, posicionadas em ângulo, que oferecem estabilidade e um visual arquitetônico. O conjunto resulta em uma peça de presença forte e silenciosa, que se integra com naturalidade a diferentes composições de ambientes. Disponível em múltiplos acabamentos.",https://folioliving.com.br/assets/uploads/2024/01/1-6-scaled.jpg,"[""https://folioliving.com.br/assets/uploads/2024/01/11-4-scaled.jpg"", ""https://folioliving.com.br/assets/uploads/2024/01/9-5.jpg"", ""https://folioliving.com.br/assets/uploads/2024/01/10-4.jpg"", ""https://folioliving.com.br/assets/uploads/2024/01/2-8-scaled.jpg"", ""https://folioliving.com.br/assets/uploads/2024/01/3-6-scaled.jpg"", ""https://folioliving.com.br/assets/uploads/2024/01/4-3-scaled.jpg""]",,https://3dwarehouse.sketchup.com/model/03d9fc58-b6c9-4146-b099-c2104343477a/Mesa-de-Centro-Techno-Oblonga
Mesa Lateral Ian,Folio A partir de: R$8,Mesa Lateral,"032Øx058H *Mobiliário com ampla personalização, variando os valores de acordo com o acabamento e dimensão escolhidos* solicite seu orçamento Encontre uma loja mais próxima Galeria Descrição A Ian é uma mesa lateral de linhas simples e modernas, produzida em aço carbono com acabamento primoroso","A Ian é uma mesa lateral de linhas simples e modernas, produzida em aço carbono com acabamento primoroso. Seu tampo espelhado reflete leveza e cria um charme discreto no ambiente, enquanto a borda alta e o detalhe em divisória dão personalidade ao design. Perfeita para compor salas contemporâneas com funcionalidade.",https://folioliving.com.br/assets/uploads/2024/01/1-12-scaled.jpg,"[""https://folioliving.com.br/assets/uploads/2024/01/1-13-scaled.jpg"", ""https://folioliving.com.br/assets/uploads/2024/01/2-5-scaled.jpg"", ""https://folioliving.com.br/assets/uploads/2024/01/4-5-scaled.jpg"", ""https://folioliving.com.br/assets/uploads/2024/01/5-5-scaled.jpg"", ""https://folioliving.com.br/assets/uploads/2024/01/6-5-scaled.jpg"", ""https://folioliving.com.br/assets/uploads/2024/01/3-4-scaled.jpg""]",,https://3dwarehouse.sketchup.com/model/c1b87427-4225-4374-b0af-6183e85d282d/Mesa-Lateral-Ian
Mesa de Centro Arena,Folio A partir de: R$11,Mesa de Centro,"140x080x030 *Mobiliário com ampla personalização, variando os valores de acordo com o acabamento e dimensão escolhidos* solicite seu orçamento Encontre uma loja mais próxima Galeria Descrição A mesa de centro Arena apresenta um design contemporâneo, marcado por linhas limpas e formas orgânicas","A mesa de centro Arena apresenta um design contemporâneo, marcado por linhas limpas e formas orgânicas. Seu tampo irregular suavemente arredondado repousa sobre uma base cônica que amplia a percepção de estabilidade e escultura. A geometria assimétrica do tampo confere leveza visual e um caráter fluido à peça, enquanto a base sólida oferece suporte discreto, criando um jogo de proporções refinado e equilibrado. A Arena é personalizável em diversos tamanhos e acabamentos.",https://folioliving.com.br/assets/uploads/2024/08/1-19-scaled.jpg,"[""https://folioliving.com.br/assets/uploads/2024/08/14-1-scaled.jpg"", ""https://folioliving.com.br/assets/uploads/2024/08/16-1-scaled.jpg"", ""https://folioliving.com.br/assets/uploads/2024/08/8-9-scaled.jpg"", ""https://folioliving.com.br/assets/uploads/2024/08/15-1-scaled.jpg""]",,https://3dwarehouse.sketchup.com/model/85d43e63-3028-497c-9ca8-18f7d9da2a12/Mesa-de-Centro-Arena
Banqueta Wave,Folio A partir de: R$4,Banqueta,"037X041X065 *Mobiliário com ampla personalização, variando os valores de acordo com o acabamento e dimensão escolhidos* solicite seu orçamento Encontre uma loja mais próxima Galeria Descrição A banqueta Wave conta com um design contemporâneo, marcado por linhas orgânicas e traços minimalistas","A banqueta Wave conta com um design contemporâneo, marcado por linhas orgânicas e traços minimalistas. Seu assento curvo e esculpido oferece conforto e ergonomia, enquanto a estrutura em madeira maciça revela precisão técnica e acabamento sofisticado. Com visual leve e atemporal, é uma peça versátil que pode ser facilmente integrada a diversos ambientes. Personalizável em diferentes acabamentos.",https://folioliving.com.br/assets/uploads/2024/08/capa-scaled.jpg,"[""https://folioliving.com.br/assets/uploads/2024/08/10-7-scaled.jpg"", ""https://folioliving.com.br/assets/uploads/2024/08/11-5-scaled.jpg"", ""https://folioliving.com.br/assets/uploads/2024/08/13-3-scaled.jpg"", ""https://folioliving.com.br/assets/uploads/2024/08/12-3-scaled.jpg""]",,https://3dwarehouse.sketchup.com/model/fda29aa1-1720-47e1-9cee-9977040f93c9/Banqueta-Wave
Sofá Minimal,Folio A partir de: R$22,Sofá,"310X108X062x240 *Mobiliário com ampla personalização, variando os valores de acordo com o acabamento e dimensão escolhidos* solicite seu orçamento Encontre uma loja mais próxima Galeria Descrição 2933O sofá Minimal é modular e conta com um design contemporâneo, marcado por linhas retas minimalistas","2933O sofá Minimal é modular e conta com um design contemporâneo, marcado por linhas retas minimalistas. Possui assentos largos, profundos e bem estofados, proporcionando alto nível de conforto. As almofadas de encosto são soltas, generosas em tamanho e posicionadas para oferecer suporte ergonômico e um visual acolhedor. Sua estrutura apresenta braços retos e discretos, enquanto a base com pés baixos e quase invisíveis confere leveza e continuidade ao conjunto. Entre seus detalhes de destaque, as costuras aparentes reforçam a geometria e a estrutura dos módulos, trazendo uma leitura sofisticada e artesanal ao desenho.. Esse acabamento sutil cria uma moldura visual que valoriza o tecido e realça a pureza das formas. Com módulos versáteis, o Minimal pode ser configurado de diversas formas, adaptando-se facilmente a diferentes espaços e necessidades — seja como um espaço de convivência social ou de relaxamento prolongado. É personalizável em diversos acabamentos.",https://folioliving.com.br/assets/uploads/2022/06/1-161-scaled.jpg,"[""https://folioliving.com.br/assets/uploads/2022/06/12-scaled.jpg"", ""https://folioliving.com.br/assets/uploads/2022/06/6-48-scaled.jpg"", ""https://folioliving.com.br/assets/uploads/2022/06/5-44-scaled.jpg"", ""https://folioliving.com.br/assets/uploads/2022/06/9-4-scaled.jpg"", ""https://folioliving.com.br/assets/uploads/2022/06/13-scaled.jpg"", ""https://folioliving.com.br/assets/uploads/2022/06/4-79-scaled.jpg""]",https://www.dropbox.com/scl/fi/s26vd82uwh5z8bbrsd18p/T2M_Mapa_Minimal_R01.pdf?rlkey=6tqyexvroer4dfzguxsmuyx9z&dl=0,https://3dwarehouse.sketchup.com/model/384eb7dd-1537-4aef-a85d-e3d41a5ffd62/Sof%C3%A1-Minimal-M%C3%B3dulo-Especial
Poltrona Hit,Folio A partir de: R$7,Poltrona,"063x070x086 *Mobiliário com ampla personalização, variando os valores de acordo com o acabamento e dimensão escolhidos* solicite seu orçamento Encontre uma loja mais próxima Galeria Descrição A poltrona Hit aposta em um desenho essencial e volumetrias puras para oferecer conforto e versatilidade com estética minimalista","A poltrona Hit aposta em um desenho essencial e volumetrias puras para oferecer conforto e versatilidade com estética minimalista. Com linhas retas e proporções bem definidas, a peça apresenta encosto e assento integrados em uma estrutura única, de perfil compacto e visual sólido. Seu estofamento uniforme com cantos suavemente arredondados proporciona uma presença acolhedora e contemporânea. Sem braços e com base discretamente embutida, a Hit se destaca como uma peça ideal tanto para composições individuais quanto para sistemas em série, como lounges, recepções ou ambientes residenciais descontraídos. Disponível em tamanho único com múltiplos acabamentos.",https://folioliving.com.br/assets/uploads/2024/08/1-2-scaled.jpg,"[""https://folioliving.com.br/assets/uploads/2024/08/8-1-scaled.jpg"", ""https://folioliving.com.br/assets/uploads/2024/08/2-1-scaled.jpg"", ""https://folioliving.com.br/assets/uploads/2024/08/5-1-scaled.jpg"", ""https://folioliving.com.br/assets/uploads/2024/08/4-1-scaled.jpg"", ""https://folioliving.com.br/assets/uploads/2024/08/9-1-scaled.jpg"", ""https://folioliving.com.br/assets/uploads/2024/08/1-3-scaled.jpg""]",,https://3dwarehouse.sketchup.com/model/9364405a-fa24-45ad-b3bf-5f16c9dc628b/Poltrona-Hit
Sofá Zenko,Folio A partir de: R$20,Sofá,"270X100X058x200 *Mobiliário com ampla personalização, variando os valores de acordo com o acabamento e dimensão escolhidos* solicite seu orçamento Encontre uma loja mais próxima Galeria Descrição O sofá Zenko é modular e conta com um design contemporâneo, marcado por linhas retas minimalistas","O sofá Zenko é modular e conta com um design contemporâneo, marcado por linhas retas minimalistas. Possui assentos largos, profundos e bem estofados, proporcionando alto nível de conforto. As almofadas de encosto são soltas, generosas em tamanho e posicionadas para oferecer suporte ergonômico e um visual acolhedor. Sua estrutura conta com braços retos e discretos, enquanto a base com pés baixos e quase invisíveis confere um visual leve e contínuo ao conjunto. Por ser modular, o Zenko pode ser configurado de diversas formas, adaptando-se com facilidade a diferentes espaços e necessidades, unindo funcionalidade com elegância atemporal. Personalizável em diversos acabamentos e cores.",https://folioliving.com.br/assets/uploads/2022/05/1-90-scaled.jpg,"[""https://folioliving.com.br/assets/uploads/2022/05/2-70-scaled.jpg"", ""https://folioliving.com.br/assets/uploads/2022/05/3-61-scaled.jpg"", ""https://folioliving.com.br/assets/uploads/2022/05/4-50-scaled.jpg"", ""https://folioliving.com.br/assets/uploads/2022/05/9-3-scaled.jpg""]",https://www.dropbox.com/scl/fo/qopmqc2m2ur083kjdpuw7/AE0i3a10Yz8SKpDL7x3RgYE?rlkey=jrct662kow03a2y6z91r80sm1&st=lp3xhlc9&dl=0,https://3dwarehouse.sketchup.com/model/29bce1b6-6806-4a54-9b4c-e192e8c33965/Sof%C3%A1-Zenko-Folio
Estante Tray,Lab,Estante,"130x050x190 *Mobiliário com ampla personalização, variando os valores de acordo com o acabamento e dimensão escolhidos* solicite seu orçamento Encontre uma loja mais próxima Galeria Descrição A estante Tray conta com um design contemporâneo, marcado por linhas retas minimalistas","A estante Tray conta com um design contemporâneo, marcado por linhas retas minimalistas. Possui prateleiras amplas, levemente rebaixadas nas bordas, que se assemelham a bandejas — daí seu nome. A estrutura em tubos metálicos delimita cada plano de forma delicada e contínua, com cantos suavemente arredondados que garantem leveza visual e rigidez estrutural. Personalizável em diversos tamanhos e acabamentos.",https://folioliving.com.br/assets/uploads/2023/06/1-110-scaled.jpg,"[""https://folioliving.com.br/assets/uploads/2023/06/9-5-scaled.jpg"", ""https://folioliving.com.br/assets/uploads/2023/06/6-41-scaled.jpg"", ""https://folioliving.com.br/assets/uploads/2023/06/8-7-scaled.jpg"", ""https://folioliving.com.br/assets/uploads/2023/06/1-111-scaled.jpg"", ""https://folioliving.com.br/assets/uploads/2023/06/2-44-scaled.jpg"", ""https://folioliving.com.br/assets/uploads/2023/06/3-41-scaled.jpg"", ""https://folioliving.com.br/assets/uploads/2023/06/7-9-scaled.jpg"", ""https://folioliving.com.br/assets/uploads/2023/06/5-40-scaled.jpg""]",,https://3dwarehouse.sketchup.com/model/0a952a4b-6537-4461-9e10-fa68a1863e12/Tray-Estante
Mesa Lateral Carry On,P3 Design A partir de: R$6,Mesa Lateral,"030Øx043h *Mobiliário com ampla personalização, variando os valores de acordo com o acabamento e dimensão escolhidos* solicite seu orçamento Encontre uma loja mais próxima Galeria Descrição A mesa lateral Carry On conta com um design contemporâneo, marcado por linhas retas minimalistas","A mesa lateral Carry On conta com um design contemporâneo, marcado por linhas retas minimalistas. Possui tampo circular com borda elevada, proporcionando praticidade no uso e um visual leve. Um detalhe funcional no centro do tampo — uma alça discreta — facilita o transporte da peça. Sua estrutura conta com uma haste fina e base semiesférica, equilibrando delicadeza e estabilidade. Compacta e versátil, a Carry On se adapta com facilidade a diferentes espaços e necessidades, unindo funcionalidade com elegância atemporal. Personalizável em diversos acabamentos.",https://folioliving.com.br/assets/uploads/2024/01/7-5.jpg,"[""https://folioliving.com.br/assets/uploads/2024/01/3-2-scaled.jpg"", ""https://folioliving.com.br/assets/uploads/2024/01/6-2-scaled.jpg"", ""https://folioliving.com.br/assets/uploads/2024/01/8-4.jpg"", ""https://folioliving.com.br/assets/uploads/2024/01/9-6.jpg"", ""https://folioliving.com.br/assets/uploads/2024/01/7-6.jpg"", ""https://folioliving.com.br/assets/uploads/2024/01/5-2-scaled.jpg""]",,https://3dwarehouse.sketchup.com/model/04ee49c4-a3d3-4559-9557-ebdfcb5670d9/Mesa-Lateral-Carry-On
Carrinho Trolley I,Lab,Carrinho,"090x045x073 *Mobiliário com ampla personalização, variando os valores de acordo com o acabamento e dimensão escolhidos* solicite seu orçamento Encontre uma loja mais próxima Galeria Descrição O carrinho bar Tray apresenta um design contemporâneo, marcado por linhas retas minimalistas","O carrinho bar Tray apresenta um design contemporâneo, marcado por linhas retas minimalistas. Sua estrutura leve e funcional acomoda duas bandejas horizontais que oferecem amplo espaço para apoiar bebidas, objetos decorativos ou utensílios. A composição entre metal e madeira cria um contraste elegante, que equilibra racionalidade e calor visual. Com rodízios discretos e um puxador curvo que se destaca como assinatura do desenho, o Tray é prático, versátil e fácil de movimentar, adaptando-se com fluidez a diferentes ambientes – da sala de estar à área gourmet. É uma peça que alia funcionalidade e elegância atemporal, disponível em diversos tamanhos e acabamentos.",https://folioliving.com.br/assets/uploads/2023/06/9-13.jpg,"[""https://folioliving.com.br/assets/uploads/2023/06/11-5.jpg"", ""https://folioliving.com.br/assets/uploads/2023/06/1-125.jpg"", ""https://folioliving.com.br/assets/uploads/2023/06/10-9-scaled.jpg"", ""https://folioliving.com.br/assets/uploads/2023/06/12-1.jpg""]",,https://3dwarehouse.sketchup.com/model/6f2b46dd-7bc1-4893-98a3-98f542cb0d35/Carro-Bar-Trolley
Buffet Orleans,Folio A partir de: R$29,Buffet,"200X045X070 *Mobiliário com ampla personalização, variando os valores de acordo com o acabamento e dimensão escolhidos* solicite seu orçamento Encontre uma loja mais próxima Galeria Descrição O buffet Orleans apresenta um design contemporâneo de linhas retas e proporções bem definidas, com uma estética que une leveza e sofisticação","O buffet Orleans apresenta um design contemporâneo de linhas retas e proporções bem definidas, com uma estética que une leveza e sofisticação. Seus volumes puros se equilibram sobre uma base metálica esguia, proporcionando um visual aéreo e elegante. Com duas portas e duas gavetas centrais embutidas, a peça oferece excelente capacidade de armazenamento sem abrir mão da simplicidade formal. Ideal para salas de estar, jantar ou ambientes corporativos. Personalizável em diversos tamanhos e acabamentos.",https://folioliving.com.br/assets/uploads/2022/05/18.jpg,"[""https://folioliving.com.br/assets/uploads/2022/05/3-64-scaled.jpg"", ""https://folioliving.com.br/assets/uploads/2022/05/5-29-scaled.jpg"", ""https://folioliving.com.br/assets/uploads/2022/05/19-scaled.jpg"", ""https://folioliving.com.br/assets/uploads/2022/05/20-scaled.jpg"", ""https://folioliving.com.br/assets/uploads/2022/05/13-1-scaled.jpg"", ""https://folioliving.com.br/assets/uploads/2022/05/11-1-scaled.jpg"", ""https://folioliving.com.br/assets/uploads/2022/05/1-111-scaled.jpg"", ""https://folioliving.com.br/assets/uploads/2022/05/7-7-scaled.jpg"", ""https://folioliving.com.br/assets/uploads/2022/05/16.jpg"", ""https://folioliving.com.br/assets/uploads/2022/05/17.jpg""]",,https://3dwarehouse.sketchup.com/model/c9e1faf8-e986-402e-abbf-79d0f1cf3a4d/Buffet-Orleans
Cadeira Minima,Flipê Arquitetura + Nati Minas & Studio Com braço a partir de: R$3,Cadeira,"047x049x080 *Mobiliário com ampla personalização, variando os valores de acordo com o acabamento e dimensão escolhidos* solicite seu orçamento Encontre uma loja mais próxima Galeria Descrição A cadeira Mínima conta com um design contemporâneo, marcado por linhas retas minimalistas","A cadeira Mínima conta com um design contemporâneo, marcado por linhas retas minimalistas. Possui assento bem estofado e encosto compacto, ambos estofados para garantir conforto ao sentar. Seu desenho aposta na simplicidade e leveza visual, com estrutura delgada em metal que garante resistência sem perder a elegância. Com proporções enxutas e traços precisos, adapta-se com facilidade a diferentes espaços, de salas de jantar a ambientes corporativos, compondo de forma discreta e sofisticada. Disponível em diversos acabamentos.",https://folioliving.com.br/assets/uploads/2023/06/1-107-scaled.jpg,"[""https://folioliving.com.br/assets/uploads/2023/06/11-4.jpg"", ""https://folioliving.com.br/assets/uploads/2023/06/3-40-scaled.jpg"", ""https://folioliving.com.br/assets/uploads/2023/06/1-108-scaled.jpg"", ""https://folioliving.com.br/assets/uploads/2023/06/8-6-scaled.jpg"", ""https://folioliving.com.br/assets/uploads/2023/06/7-8-scaled.jpg"", ""https://folioliving.com.br/assets/uploads/2023/06/9-4-scaled.jpg"", ""https://folioliving.com.br/assets/uploads/2023/06/10-8.jpg"", ""https://folioliving.com.br/assets/uploads/2023/06/5-46.jpg"", ""https://folioliving.com.br/assets/uploads/2023/06/12-9-scaled.jpg"", ""https://folioliving.com.br/assets/uploads/2023/06/13-6-scaled.jpg""]",,https://3dwarehouse.sketchup.com/model/0edcf16f-461d-4d5d-a01c-7ea0cbdb862e/Cadeira-Minima-Folio
Mesa de Jantar Glenn,Estúdio LL2 A partir de: R$27,Mesa de Jantar,"240x100x076 *Mobiliário com ampla personalização, variando os valores de acordo com o acabamento e dimensão escolhidos* solicite seu orçamento Encontre uma loja mais próxima Galeria Descrição A mesa de jantar Glenn conta com um design contemporâneo, marcado por linhas retas minimalistas e proporções bem definidas","A mesa de jantar Glenn conta com um design contemporâneo, marcado por linhas retas minimalistas e proporções bem definidas. Seu tampo possui cantos suavemente arredondados que parecem flutuar sob a estrutura, criando um efeito visual leve e sofisticado. Os quatro pés cilíndricos posicionados nos extremos reforçam a simetria e a estabilidade da peça, enquanto os detalhes construtivos ficam parcialmente aparentes, adicionando um caráter técnico e elegante ao conjunto. Disponível em múltiplos tamanhos e acabamentos.",https://folioliving.com.br/assets/uploads/2023/11/7-1-scaled.jpg,"[""https://folioliving.com.br/assets/uploads/2023/11/11-1.jpg"", ""https://folioliving.com.br/assets/uploads/2023/11/9-1.jpg"", ""https://folioliving.com.br/assets/uploads/2023/11/7-2-scaled.jpg"", ""https://folioliving.com.br/assets/uploads/2023/11/8-1.jpg"", ""https://folioliving.com.br/assets/uploads/2023/11/10.jpg"", ""https://folioliving.com.br/assets/uploads/2023/11/12-2.jpg"", ""https://folioliving.com.br/assets/uploads/2023/11/13-scaled.jpg"", ""https://folioliving.com.br/assets/uploads/2023/11/14-2-scaled.jpg"", ""https://folioliving.com.br/assets/uploads/2023/11/15-1-scaled.jpg"", ""https://folioliving.com.br/assets/uploads/2023/11/16-2-scaled.jpg"", ""https://folioliving.com.br/assets/uploads/2023/11/17-1-scaled.jpg"", ""https://folioliving.com.br/assets/uploads/2023/11/18-2-scaled.jpg""]",,https://3dwarehouse.sketchup.com/model/b5b2b8cb-6863-465f-b272-db5608a69b43/Mesa-de-jantar-Glenn
Mesa de Centro Gal,Estúdio LL2 A partir de: R$17,Mesa de Centro,"213x110x030 *Mobiliário com ampla personalização, variando os valores de acordo com o acabamento e dimensão escolhidos* solicite seu orçamento Encontre uma loja mais próxima Galeria Descrição A mesa de centro Gal é marcada por um design contemporâneo e minimalista, com linhas orgânicas e proporções generosas","A mesa de centro Gal é marcada por um design contemporâneo e minimalista, com linhas orgânicas e proporções generosas. Seu tampo assimétrico em madeira repousa sobre uma base robusta em pintura preta fosca, criando um contraste elegante entre materialidade e forma. O desenho fluido da superfície dialoga com a base curva, resultando em uma peça escultórica e funcional. Disponível em diferentes tamanhos e alturas, a Gal pode ser utilizada individualmente ou em composição, adaptando-se com naturalidade a variados ambientes.",https://folioliving.com.br/assets/uploads/2023/12/1-12-scaled.jpg,"[""https://folioliving.com.br/assets/uploads/2023/12/6-5-scaled.jpg"", ""https://folioliving.com.br/assets/uploads/2023/12/10-6-scaled.jpg"", ""https://folioliving.com.br/assets/uploads/2023/12/2-5-scaled.jpg"", ""https://folioliving.com.br/assets/uploads/2023/12/5-5-scaled.jpg"", ""https://folioliving.com.br/assets/uploads/2023/12/7-9-scaled.jpg"", ""https://folioliving.com.br/assets/uploads/2023/12/3-5-scaled.jpg""]",,https://3dwarehouse.sketchup.com/model/53b2ad71-6a74-4349-b699-2b563ff42549/Mesa-de-Centro-Gal
Mesa Lateral Mia,Estúdio LL2 A partir de: R$6,Mesa Lateral,"032Øx053H *Mobiliário com ampla personalização, variando os valores de acordo com o acabamento e dimensão escolhidos* solicite seu orçamento Encontre uma loja mais próxima Galeria Descrição A mesa lateral Mia conta com um design contemporâneo, marcado por linhas retas minimalistas","A mesa lateral Mia conta com um design contemporâneo, marcado por linhas retas minimalistas. Possui tampo redondo com uma borda elevada e uma abertura assimétrica, que confere caráter funcional e visual dinâmico à peça. A base é formada por duas chapas cruzadas que se encontram em um eixo central, garantindo estabilidade e leveza ao conjunto. A estrutura de pés discretos reforça a sensação de continuidade e leveza no design. Disponível em dois tamanhos e múltiplos acabamentos.",https://folioliving.com.br/assets/uploads/2023/12/1-4-scaled.jpg,"[""https://folioliving.com.br/assets/uploads/2023/12/15-6.jpg"", ""https://folioliving.com.br/assets/uploads/2023/12/6-16-scaled.jpg"", ""https://folioliving.com.br/assets/uploads/2023/12/4-17-scaled.jpg"", ""https://folioliving.com.br/assets/uploads/2023/12/3-15-scaled.jpg"", ""https://folioliving.com.br/assets/uploads/2023/12/14-5.jpg"", ""https://folioliving.com.br/assets/uploads/2023/12/16-3.jpg"", ""https://folioliving.com.br/assets/uploads/2023/12/1-33-scaled.jpg"", ""https://folioliving.com.br/assets/uploads/2023/12/13-5.jpg""]",,https://3dwarehouse.sketchup.com/model/48c02ed4-97dd-408c-bc8a-a93c81e663bd/Mesa-lateral-Mia-Folio
Mesa de Centro Elo,Estúdio LL2 A partir de: R$21,Mesa de Centro,"100Øx027h *Mobiliário com ampla personalização, variando os valores de acordo com o acabamento e dimensão escolhidos* solicite seu orçamento Encontre uma loja mais próxima Galeria Descrição A mesa de centro Elo apresenta um design contemporâneo e minimalista, com formas circulares bem definidas e estrutura esbelta","A mesa de centro Elo apresenta um design contemporâneo e minimalista, com formas circulares bem definidas e estrutura esbelta. Seu tampo em pedra repousa sobre uma base metálica delicada, composta por hastes finas e um aro contínuo que envolve a peça, criando um efeito visual de leveza e precisão geométrica. A estrutura aparente em aço carbono contrasta com a textura natural do tampo, revelando uma combinação sofisticada entre matéria bruta e traço refinado. A mesa Elo pode ser personalizada em diferentes alturas, diâmetros e acabamentos, adaptando-se com versatilidade a diversos ambientes e propostas estéticas.",https://folioliving.com.br/assets/uploads/2023/12/1-9-scaled.jpg,"[""https://folioliving.com.br/assets/uploads/2023/12/1-10-scaled.jpg"", ""https://folioliving.com.br/assets/uploads/2023/12/2-4-scaled.jpg"", ""https://folioliving.com.br/assets/uploads/2023/12/3-4-scaled.jpg"", ""https://folioliving.com.br/assets/uploads/2023/12/4-3-scaled.jpg"", ""https://folioliving.com.br/assets/uploads/2023/12/6-4-scaled.jpg"", ""https://folioliving.com.br/assets/uploads/2023/12/5-11-scaled.jpg""]",,https://3dwarehouse.sketchup.com/model/3a3ce914-ee65-4637-bf68-8d8645d8e7f0/Mesa-Lateral-Elo
Poltrona Legiti,Flipê Arquitetura + Nati Minas & Studio A partir de: R$46,Poltrona,"090X090X060 *Mobiliário com ampla personalização, variando os valores de acordo com o acabamento e dimensão escolhidos* solicite seu orçamento Encontre uma loja mais próxima Galeria Descrição A Poltrona Legiti é o equilíbrio perfeito entre forma e função","A Poltrona Legiti é o equilíbrio perfeito entre forma e função. Com estrutura em aço carbono e puff integrado, oferece conforto superior aliado a um design minimalista e customizável que valoriza qualquer ambiente. Desenvolvida porFlipê Arquitetura + Nati Minas & Studio, combina leveza visual com resistência, sendo ideal para espaços residenciais ou corporativos.",https://folioliving.com.br/assets/uploads/2023/06/1-120-scaled.jpg,"[""https://folioliving.com.br/assets/uploads/2023/06/5-43-scaled.jpg"", ""https://folioliving.com.br/assets/uploads/2023/06/8-11-scaled.jpg"", ""https://folioliving.com.br/assets/uploads/2023/06/6-45-scaled.jpg"", ""https://folioliving.com.br/assets/uploads/2023/06/1-121-scaled.jpg"", ""https://folioliving.com.br/assets/uploads/2023/06/2-47-scaled.jpg"", ""https://folioliving.com.br/assets/uploads/2023/06/3-44-scaled.jpg"", ""https://folioliving.com.br/assets/uploads/2023/06/4-43-scaled.jpg"", ""https://folioliving.com.br/assets/uploads/2023/06/7-13-scaled.jpg""]",,https://3dwarehouse.sketchup.com/model/11e7e68a-3f6a-40e6-b165-5bf9ec25473d/Poltrona-Legiti
Aparador Amico,Folio A partir de: R$11,Aparador,"180X040X075 *Mobiliário com ampla personalização, variando os valores de acordo com o acabamento e dimensão escolhidos* solicite seu orçamento Encontre uma loja mais próxima Galeria Descrição O aparador Amico apresenta um design contemporâneo e minimalista, marcado por linhas finas e elegantes","O aparador Amico apresenta um design contemporâneo e minimalista, marcado por linhas finas e elegantes. Com estrutura leve e sofisticada, é composto por dois tampos de madeira apoiados em colunas metálicas, que conferem estabilidade sem abrir mão da leveza visual. Sua estética limpa e funcional o torna ideal para compor ambientes diversos, tanto residenciais quanto corporativos. Versátil e atemporal, o Amico está disponível em múltiplos tamanhos e acabamentos.",https://folioliving.com.br/assets/uploads/2024/10/1-12.jpg,"[""https://folioliving.com.br/assets/uploads/2024/10/6-4-scaled.jpg"", ""https://folioliving.com.br/assets/uploads/2024/10/4-5-scaled.jpg"", ""https://folioliving.com.br/assets/uploads/2024/10/7-4-scaled.jpg"", ""https://folioliving.com.br/assets/uploads/2024/10/2-3-scaled.jpg"", ""https://folioliving.com.br/assets/uploads/2024/10/1-11-scaled.jpg"", ""https://folioliving.com.br/assets/uploads/2024/10/8-4-scaled.jpg""]",,https://3dwarehouse.sketchup.com/model/d4c2c968-bbf2-4968-8b5b-1ffa79b1fd73/Aparador-Amico
Banco Pilotis II,Estúdio LL2 A partir de: R$13,Banco,"160x045x045 *Mobiliário com ampla personalização, variando os valores de acordo com o acabamento e dimensão escolhidos* solicite seu orçamento Encontre uma loja mais próxima Galeria Descrição O banco Pilotis II carrega um design contemporâneo, marcado por linhas limpas e formas escultóricas","O banco Pilotis II carrega um design contemporâneo, marcado por linhas limpas e formas escultóricas. Com dois apoios em formatos orgânicos, a peça é inteiramente produzida em madeira maciça, evidenciando o cuidado com a matéria-prima e o trabalho artesanal. Sua estrutura sólida contrasta com a leveza visual proporcionada pelas curvas suaves e o acabamento aveludado do material. Com proporções generosas, o Pilotis funciona tanto como banco quanto como peça de apoio em diferentes ambientes, sendo versátil, elegante e atemporal. Personalizável em diversos acabamentos.",https://folioliving.com.br/assets/uploads/2023/12/22.jpg,"[""https://folioliving.com.br/assets/uploads/2023/12/26.jpg"", ""https://folioliving.com.br/assets/uploads/2023/12/23.jpg"", ""https://folioliving.com.br/assets/uploads/2023/12/25.jpg"", ""https://folioliving.com.br/assets/uploads/2023/12/22-1.jpg"", ""https://folioliving.com.br/assets/uploads/2023/12/24.jpg"", ""https://folioliving.com.br/assets/uploads/2023/12/27.jpg""]",,https://3dwarehouse.sketchup.com/model/cb4b294a-17fb-4dff-85a6-16de3cc730ad/Bancos-pilotis-Folio
Carrinho Trolley II,Lab,Carrinho,"040Øx065H *Mobiliário com ampla personalização, variando os valores de acordo com o acabamento e dimensão escolhidos* solicite seu orçamento Encontre uma loja mais próxima Galeria Descrição O carrinho bar Trolley combina design contemporâneo com proporções compactas e funcionais","O carrinho bar Trolley combina design contemporâneo com proporções compactas e funcionais. Com estrutura metálica leve e tampo circular elevado, a peça é marcada por linhas minimalistas e uma construção precisa. Sua forma circular traz suavidade visual, enquanto os rodízios discretos permitem mobilidade com elegância. A parte superior funciona como uma bandeja, oferecendo versatilidade no uso, seja para servir ou organizar objetos. Já o tampo inferior garante apoio adicional, mantendo a estética limpa e o caráter prático da peça. Disponível em múltiplos acabamentos.",https://folioliving.com.br/assets/uploads/2023/06/1-88-scaled.jpg,"[""https://folioliving.com.br/assets/uploads/2023/06/4-31-scaled.jpg"", ""https://folioliving.com.br/assets/uploads/2023/06/1-89-scaled.jpg"", ""https://folioliving.com.br/assets/uploads/2023/06/3-31-scaled.jpg"", ""https://folioliving.com.br/assets/uploads/2023/06/5-31-scaled.jpg"", ""https://folioliving.com.br/assets/uploads/2023/06/6-33-scaled.jpg"", ""https://folioliving.com.br/assets/uploads/2023/06/2-32-scaled.jpg""]",,https://3dwarehouse.sketchup.com/model/f0591681-2342-40cf-9311-ebe91d9f33ed/Carro-Bar-Trolley
Mesa de Centro Hani,Estúdio LL2 A partir de: R$11,Mesa de Centro,"100x100x040 *Mobiliário com ampla personalização, variando os valores de acordo com o acabamento e dimensão escolhidos* solicite seu orçamento Encontre uma loja mais próxima Galeria Descrição A mesa de centro Hani apresenta um design contemporâneo de forte presença visual, combinando volumes robustos e formas orgânicas com elegância sutil","A mesa de centro Hani apresenta um design contemporâneo de forte presença visual, combinando volumes robustos e formas orgânicas com elegância sutil. Seu tampo em acabamento cimentício traz uma textura artesanal e variações tonais que conferem profundidade e singularidade a cada peça. As bases retangulares, em pintura sólida, sustentam o conjunto com firmeza e equilíbrio. Disponível em dois formatos complementares – redondo e assimétrico – a Hani pode ser utilizada individualmente ou em composição, adaptando-se com versatilidade a diferentes layouts e atmosferas. Personalizável em diversos tamanhos e acabamentos.",https://folioliving.com.br/assets/uploads/2023/12/1-29.jpg,"[""https://folioliving.com.br/assets/uploads/2023/12/7-10.jpg"", ""https://folioliving.com.br/assets/uploads/2023/12/16-5-scaled.jpg"", ""https://folioliving.com.br/assets/uploads/2023/12/4-14.jpg"", ""https://folioliving.com.br/assets/uploads/2023/12/3-13.jpg"", ""https://folioliving.com.br/assets/uploads/2023/12/15-7-scaled.jpg"", ""https://folioliving.com.br/assets/uploads/2023/12/9-scaled.jpg""]",,https://3dwarehouse.sketchup.com/model/0956107e-ca96-4c53-9862-7b8b426c4d6e/Mesa-de-Centro-Hani
Mesa de Jantar Moon Redonda,Folio A partir de: R$21,Mesa de Jantar,"140Øx076 *Mobiliário com ampla personalização, variando os valores de acordo com o acabamento e dimensão escolhidos* solicite seu orçamento Encontre uma loja mais próxima Galeria Descrição A mesa de jantar Moon conta com um design contemporâneo, marcado por linhas puras e proporções equilibradas","A mesa de jantar Moon conta com um design contemporâneo, marcado por linhas puras e proporções equilibradas. Seu tampo redondo e delgado repousa sobre uma base cônica central que confere solidez e elegância à composição. O desenho limpo e a geometria simétrica reforçam a simplicidade formal da peça, enquanto o volume da base contrasta com a leveza visual do tampo, criando um conjunto harmonioso e sofisticado. Personalizável em diversos tamanhos e acabamentos.",https://folioliving.com.br/assets/uploads/2022/06/10-6.jpg,"[""https://folioliving.com.br/assets/uploads/2022/06/7-7-scaled.jpg"", ""https://folioliving.com.br/assets/uploads/2022/06/4-81-scaled.jpg"", ""https://folioliving.com.br/assets/uploads/2022/06/6-50-scaled.jpg"", ""https://folioliving.com.br/assets/uploads/2022/06/3-101-scaled.jpg""]",,https://3dwarehouse.sketchup.com/model/e6a847b2-0f62-48a6-8cf4-de96a6d18f81/Mesa-de-Jantar-Moon
Mesa Lateral Pirâmide,Folio A partir de: R$2,Mesa Lateral,"040×055 *Mobiliário com ampla personalização, variando os valores de acordo com o acabamento e dimensão escolhidos* solicite seu orçamento Encontre uma loja mais próxima Galeria Descrição A mesa lateral Pirâmide apresenta um design elegante e contemporâneo, combinando funcionalidade com estética minimalista","A mesa lateral Pirâmide apresenta um design elegante e contemporâneo, combinando funcionalidade com estética minimalista. Ela é composta por um tampo arredondado que repousa sobre uma base metálica, com uma estrutura tridimensional de pernas que se conectam de maneira geométrica, formando uma pirâmide invertida. Essa base, com suas linhas limpas e angulares, oferece estabilidade e um toque de leveza ao visual da mesa, além de reforçar sua característica modular e adaptável para diferentes ambientes. Disponível em dois tamanhos e múltiplos acabamentos.",https://folioliving.com.br/assets/uploads/2024/08/1-34-scaled.jpg,"[""https://folioliving.com.br/assets/uploads/2024/08/5-15-scaled.jpg"", ""https://folioliving.com.br/assets/uploads/2024/08/7-14-scaled.jpg"", ""https://folioliving.com.br/assets/uploads/2024/08/1-35-scaled.jpg"", ""https://folioliving.com.br/assets/uploads/2024/08/3-15-scaled.jpg"", ""https://folioliving.com.br/assets/uploads/2024/08/4-15-scaled.jpg"", ""https://folioliving.com.br/assets/uploads/2024/08/9-15-scaled.jpg""]",,https://3dwarehouse.sketchup.com/model/c5fc04af-8d0c-49e1-8c88-0ba9c694d5db/Mesa-Lateral-Piramide
Sofá 011,Flipê Arquitetura + Nati Minas & Studio A partir de: R$25,Sofá,"220x100x070 *Mobiliário com ampla personalização, variando os valores de acordo com o acabamento e dimensão escolhidos* solicite seu orçamento Encontre uma loja mais próxima Galeria Descrição O sofá 011 apresenta um design contemporâneo com forte apelo escultórico, caracterizado por uma geometria marcante e volumes generosos","O sofá 011 apresenta um design contemporâneo com forte apelo escultórico, caracterizado por uma geometria marcante e volumes generosos. Sua forma é composta essencialmente por cilindros puros — um para o assento e outro para o encosto — que se unem de forma harmônica, criando uma peça de grande impacto visual e, ao mesmo tempo, surpreendentemente acolhedora. A ausência de braços e a base levemente recuada reforçam a leveza do desenho, enquanto as extremidades curvas e os contornos contínuos evocam uma estética fluida e minimalista. O sofá combina rigidez geométrica com suavidade tátil, resultando em um equilíbrio entre racionalidade formal e conforto sensorial. Disponível em tamanho único com múltiplos acabamentos.",https://folioliving.com.br/assets/uploads/2023/06/10-14.jpg,"[""https://folioliving.com.br/assets/uploads/2023/06/15-1.jpg"", ""https://folioliving.com.br/assets/uploads/2023/06/7-19-scaled.jpg"", ""https://folioliving.com.br/assets/uploads/2023/06/6-49-scaled.jpg"", ""https://folioliving.com.br/assets/uploads/2023/06/13-2.jpg"", ""https://folioliving.com.br/assets/uploads/2023/06/11-9.jpg"", ""https://folioliving.com.br/assets/uploads/2023/06/14-1.jpg"", ""https://folioliving.com.br/assets/uploads/2023/06/10-15.jpg"", ""https://folioliving.com.br/assets/uploads/2023/06/2-54-scaled.jpg""]",,https://3dwarehouse.sketchup.com/model/07dfc208-1a4d-4a05-9cb4-e177c7610f2f/Sof%C3%A1-011-Folio
Mesa Lateral Dizzy,Folio A partir de: R$5,Mesa Lateral,"035x035x050 *Mobiliário com ampla personalização, variando os valores de acordo com o acabamento e dimensão escolhidos* solicite seu orçamento Encontre uma loja mais próxima Galeria Descrição A mesa lateral Dizzy conta com um design contemporâneo, marcado por linhas retas minimalistas","A mesa lateral Dizzy conta com um design contemporâneo, marcado por linhas retas minimalistas. Possui tampo delicado em formato circular ou quadrado, apoiado sobre uma haste fina e uma base cilíndrica sólida, criando uma composição elegante e equilibrada. Sua estrutura é discreta e funcional, ideal para ambientes que valorizam a leveza visual e a praticidade. Versátil e compacta, a Dizzy adapta-se com facilidade a diferentes espaços e necessidades, unindo funcionalidade com elegância atemporal. Personalizável em diversos tamanhos e acabamentos.",https://folioliving.com.br/assets/uploads/2022/06/1-171-scaled.jpg,"[""https://folioliving.com.br/assets/uploads/2022/06/2-111-scaled.jpg"", ""https://folioliving.com.br/assets/uploads/2022/06/5-48-scaled.jpg"", ""https://folioliving.com.br/assets/uploads/2022/06/7-9-scaled.jpg"", ""https://folioliving.com.br/assets/uploads/2022/06/3-115.jpg"", ""https://folioliving.com.br/assets/uploads/2022/06/1-172-scaled.jpg"", ""https://folioliving.com.br/assets/uploads/2022/06/9-2-scaled.jpg""]",,https://3dwarehouse.sketchup.com/model/41867765-e075-46a6-966d-03dcf6cf42be/Mesa-Lateral-Dizzy
Mesa de Jantar Avocado,"Folio A partir de: R$21,664",Mesa de Jantar,"210x110x076 *Mobiliário com ampla personalização, variando os valores de acordo com o acabamento e dimensão escolhidos* solicite seu orçamento Encontre uma loja mais próxima Galeria Descrição A mesa de jantar Avocado apresenta um design contemporâneo, marcado por linhas suaves e proporções equilibradas","A mesa de jantar Avocado apresenta um design contemporâneo, marcado por linhas suaves e proporções equilibradas. Seu tampo orgânico, de bordas arredondadas, repousa sobre uma base cilíndrica central imponente, que garante estabilidade e presença visual. O desenho limpo e escultural da peça se adapta com facilidade a diferentes ambientes, funcionando como elemento central na composição de salas de jantar, áreas de reunião ou espaços híbridos. Disponível em múltiplos tamanhos e acabamentos.",https://folioliving.com.br/assets/uploads/2023/06/8-16.jpg,"[""https://folioliving.com.br/assets/uploads/2023/06/10-10.jpg"", ""https://folioliving.com.br/assets/uploads/2023/06/2-51-scaled.jpg"", ""https://folioliving.com.br/assets/uploads/2023/06/12-8-scaled.jpg"", ""https://folioliving.com.br/assets/uploads/2023/06/13-5-scaled.jpg"", ""https://folioliving.com.br/assets/uploads/2023/06/9-14.jpg"", ""https://folioliving.com.br/assets/uploads/2023/06/1-126-scaled.jpg"", ""https://folioliving.com.br/assets/uploads/2023/06/11-6.jpg""]",https://www.dropbox.com/scl/fi/m29hc516avr58btx6xfct/Mesa_de_Jantar_AVOCADO_des_2D_Folio.jpg?rlkey=phf9x3mypkqa236b7fsahhist&dl=0,https://3dwarehouse.sketchup.com/model/40fb4367-5571-4d33-87be-bc6fd98a2fe7/Mesa-de-Jantar-Avocado
Banqueta Legiti,Flipê Arquitetura + Nati Minas & Studio A partir de: R$3,Banqueta,"046X050X090 *Mobiliário com ampla personalização, variando os valores de acordo com o acabamento e dimensão escolhidos* solicite seu orçamento Encontre uma loja mais próxima Galeria Descrição A banqueta Legiti Lisa revela um design contemporâneo, marcado por linhas retas e uma silhueta minimalista","A banqueta Legiti Lisa revela um design contemporâneo, marcado por linhas retas e uma silhueta minimalista. Com assento em chapa metálica curvada e estrutura delgada em aço carbono, a peça explora o essencial com leveza e precisão geométrica. Sua forma simples e ergonômica oferece conforto na medida certa, enquanto o apoio para os pés confere praticidade ao uso. Ideal para bancadas, cozinhas ou espaços gourmet, a Legiti Lisa é uma peça discreta e versátil, que se adapta com naturalidade a diferentes estilos de ambiente. Personalizável em diversos acabamentos.",https://folioliving.com.br/assets/uploads/2023/06/1-86-scaled.jpg,"[""https://folioliving.com.br/assets/uploads/2023/06/5-45.jpg"", ""https://folioliving.com.br/assets/uploads/2023/06/6-46.jpg"", ""https://folioliving.com.br/assets/uploads/2023/06/4-45.jpg"", ""https://folioliving.com.br/assets/uploads/2023/06/3-46-scaled.jpg"", ""https://folioliving.com.br/assets/uploads/2023/06/2-49-scaled.jpg"", ""https://folioliving.com.br/assets/uploads/2023/06/1-124-scaled.jpg""]",,https://3dwarehouse.sketchup.com/model/5b492339-6b63-42f4-a498-a563a8708b49/Banqueta-Legiti-Folio
Espelho Move,Lab,Espelho,"160X050X006 *Mobiliário com ampla personalização, variando os valores de acordo com o acabamento e dimensão escolhidos* solicite seu orçamento Encontre uma loja mais próxima Galeria Descrição O espelho Move apresenta um design contemporâneo, marcado por linhas retas e minimalistas","O espelho Move apresenta um design contemporâneo, marcado por linhas retas e minimalistas. Com formato vertical e cantos levemente arredondados, a peça se destaca por integrar função e forma de maneira sutil e precisa. Incorporando uma prateleira acoplada em madeira com gaveta embutida, o espelho Move propõe um uso versátil, funcionando como apoio funcional para objetos do cotidiano. Essa combinação entre superfície refletiva e elemento utilitário confere um caráter prático à peça, sem abrir mão da leveza visual. Personalizável em diversos acabamentos.",https://folioliving.com.br/assets/uploads/2023/06/1-101-scaled.jpg,"[""https://folioliving.com.br/assets/uploads/2023/06/2-38-scaled.jpg"", ""https://folioliving.com.br/assets/uploads/2023/06/1-102-scaled.jpg"", ""https://folioliving.com.br/assets/uploads/2023/06/3-36-scaled.jpg"", ""https://folioliving.com.br/assets/uploads/2023/06/6-37-scaled.jpg""]",,https://3dwarehouse.sketchup.com/model/836adc4e-58f1-4f19-800e-65d22784000e/Move-Espelho
Mesa de Centro Glenn,Estúdio LL2 A partir de: R$20,Mesa de Centro,"120×027 *Mobiliário com ampla personalização, variando os valores de acordo com o acabamento e dimensão escolhidos* solicite seu orçamento Encontre uma loja mais próxima Galeria Descrição A mesa de centro Glenn apresenta um design contemporâneo de caráter escultural, marcado pela combinação entre formas puras e proporções equilibradas","A mesa de centro Glenn apresenta um design contemporâneo de caráter escultural, marcado pela combinação entre formas puras e proporções equilibradas. Seu tampo circular repousa sobre três apoios cilíndricos robustos que se destacam pela geometria precisa e pela naturalidade do acabamento em madeira. A composição evidencia a relação entre matéria e estrutura com simplicidade sofisticada. A Glenn é uma peça que alia estabilidade visual com leveza formal, adaptando-se com fluidez a diferentes estilos de interiores. Disponível em múltiplas dimensões e acabamentos.",https://folioliving.com.br/assets/uploads/2023/12/1-scaled.jpg,"[""https://folioliving.com.br/assets/uploads/2023/12/11-5-scaled.jpg"", ""https://folioliving.com.br/assets/uploads/2023/12/12-5-scaled.jpg"", ""https://folioliving.com.br/assets/uploads/2023/12/5-scaled.jpg"", ""https://folioliving.com.br/assets/uploads/2023/12/7-scaled.jpg"", ""https://folioliving.com.br/assets/uploads/2025/07/00-scaled.jpg"", ""https://folioliving.com.br/assets/uploads/2023/12/2-scaled.jpg"", ""https://folioliving.com.br/assets/uploads/2023/12/4-scaled.jpg"", ""https://folioliving.com.br/assets/uploads/2023/12/8-7-scaled.jpg"", ""https://folioliving.com.br/assets/uploads/2023/12/10-7-scaled.jpg"", ""https://folioliving.com.br/assets/uploads/2023/12/9-9-scaled.jpg""]",,https://3dwarehouse.sketchup.com/model/c6d48722-e795-44c1-a40e-18cc888ab3d0/Mesa-de-centro-Glenn
Mesa Lateral Up and Down,Lab,Mesa Lateral,,"A mesa lateral Up&Down apresenta um design contemporâneo, com formas suaves e proporções equilibradas. Sua base estofada de contornos arredondados transmite acolhimento, enquanto o tampo rígido, de linhas puras, cria um contraste interessante entre materiais e texturas. A Up&Down combina funcionalidade e expressão escultórica, podendo ser usada de maneira versátil em diferentes ambientes. Personalizável em diversos tamanhos e acabamentos.",https://folioliving.com.br/assets/uploads/2024/04/8-2-scaled.jpg,"[""https://folioliving.com.br/assets/uploads/2024/04/9-scaled.jpg"", ""https://folioliving.com.br/assets/uploads/2024/04/10-scaled.jpg"", ""https://folioliving.com.br/assets/uploads/2024/04/1-3-scaled.jpg"", ""https://folioliving.com.br/assets/uploads/2024/04/6-1-scaled.jpg"", ""https://folioliving.com.br/assets/uploads/2024/04/4-1-scaled.jpg"", ""https://folioliving.com.br/assets/uploads/2024/04/3-1-scaled.jpg"", ""https://folioliving.com.br/assets/uploads/2024/04/7-1.jpg"", ""https://folioliving.com.br/assets/uploads/2024/04/2-1-scaled.jpg""]",,https://3dwarehouse.sketchup.com/model/68011ed4-e6a9-48c6-a3ef-e1ed1053eb83/updown-Mesas-Laterais
Cadeira Urbano,Flipê Arquitetura + Nati Minas & Studio A partir de: R$7,Cadeira,"051X051X072 *Mobiliário com ampla personalização, variando os valores de acordo com o acabamento e dimensão escolhidos* solicite seu orçamento Encontre uma loja mais próxima Galeria Descrição A cadeira Urbano apresenta um design contemporâneo, marcado por linhas retas minimalistas","A cadeira Urbano apresenta um design contemporâneo, marcado por linhas retas minimalistas. Seu assento é generosamente acolchoado, oferecendo conforto mesmo em estruturas visivelmente leves. As almofadas laterais e de encosto são presas por cintas que remetem ao universo utilitário, ao mesmo tempo em que garantem ergonomia e um visual descontraído, quase improvisado. A estrutura metálica esguia e a ausência de volumes excessivos resultam em uma peça com forte apelo gráfico e visual leve. Os pés retos e o desenho ortogonal reforçam o caráter racional da cadeira, enquanto o contraste entre os materiais — tecido, couro e metal — imprime personalidade à composição. Disponível em diversas combinações de cores e acabamentos.",https://folioliving.com.br/assets/uploads/2022/06/1-157-scaled.jpg,"[""https://folioliving.com.br/assets/uploads/2022/06/1-158-scaled.jpg"", ""https://folioliving.com.br/assets/uploads/2022/06/3-97-scaled.jpg"", ""https://folioliving.com.br/assets/uploads/2022/06/7-5-scaled.jpg"", ""https://folioliving.com.br/assets/uploads/2022/06/2-105-scaled.jpg"", ""https://folioliving.com.br/assets/uploads/2022/06/4-77-scaled.jpg"", ""https://folioliving.com.br/assets/uploads/2022/06/8-12.jpg""]",,https://3dwarehouse.sketchup.com/model/53ebac0d-d600-4f71-becd-420b37f8a9ff/Cadeira-Urbano-Folio
Sofá Solano,Folio A partir de: R$20,Sofá,"240X091X067 *Mobiliário com ampla personalização, variando os valores de acordo com o acabamento e dimensão escolhidos* solicite seu orçamento Encontre uma loja mais próxima Galeria Descrição O sofá Solano conta com um design contemporâneo, marcado por linhas retas minimalistas","O sofá Solano conta com um design contemporâneo, marcado por linhas retas minimalistas. Possui assentos largos, profundos e bem estofados, proporcionando alto nível de conforto. As almofadas de encosto são soltas, generosas em tamanho e posicionadas para oferecer suporte ergonômico e um visual acolhedor. Sua estrutura conta com braços retos e discretos, enquanto a base com pés metálicos finos e discretos confere um visual leve e contínuo ao conjunto. Disponível em múltiplos acabamentos.",https://folioliving.com.br/assets/uploads/2022/05/1-94-scaled.jpg,"[""https://folioliving.com.br/assets/uploads/2022/05/5-28-scaled.jpg"", ""https://folioliving.com.br/assets/uploads/2022/05/4-52-scaled.jpg"", ""https://folioliving.com.br/assets/uploads/2022/05/2-72-scaled.jpg"", ""https://folioliving.com.br/assets/uploads/2022/05/6-26-scaled.jpg"", ""https://folioliving.com.br/assets/uploads/2022/05/3-63-scaled.jpg""]",,https://3dwarehouse.sketchup.com/model/63326fff-b252-4146-9e85-7dc26e2e51a9/Sof%C3%A1-Solano-Folio
Puff Palan,Folio A partir de: R$2,Puff,"045Ø *Mobiliário com ampla personalização, variando os valores de acordo com o acabamento e dimensão escolhidos* solicite seu orçamento Encontre uma loja mais próxima Galeria Descrição O puff Palan combina formas puras e uma construção robusta com visual elegante e contemporâneo","O puff Palan combina formas puras e uma construção robusta com visual elegante e contemporâneo. Seu formato cilíndrico e estofamento generoso garantem conforto tanto para apoio dos pés quanto como assento adicional em ambientes sociais. A estrutura metálica aparente — composta por quatro pés delgados e verticais que se prolongam levemente sobre as laterais do estofado — adiciona um detalhe arquitetônico e funcional, contribuindo para a estabilidade do puff. Disponível em tamanho único com múltiplos acabamentos.",https://folioliving.com.br/assets/uploads/2024/09/1-5-scaled.jpg,"[""https://folioliving.com.br/assets/uploads/2024/09/20-scaled.png"", ""https://folioliving.com.br/assets/uploads/2024/09/8-2-scaled.jpg"", ""https://folioliving.com.br/assets/uploads/2024/09/5-3-scaled.jpg"", ""https://folioliving.com.br/assets/uploads/2024/09/21-scaled.png""]",,https://3dwarehouse.sketchup.com/model/2d1c17dd-ba74-4c0a-a8dd-db11645366e3/Puff-Palan-Folio
Mesa de Centro Up and Down,Lab,Mesa de Centro,,"A mesa de centro Up & Down apresenta um design contemporâneo, definido por formas curvas e linhas minimalistas. Sua construção sólida remete à pureza geométrica, enquanto os volumes baixos e generosos reforçam sua presença escultural no ambiente. A estrutura é versátil e pode ser combinada em diferentes alturas, proporções e materiais, criando composições dinâmicas que se adaptam com facilidade a diversos espaços e estilos. Personalizável em uma ampla variedade de tamanhos e acabamentos.",https://folioliving.com.br/assets/uploads/2024/04/1-scaled.jpg,"[""https://folioliving.com.br/assets/uploads/2024/04/8.jpg"", ""https://folioliving.com.br/assets/uploads/2024/04/7.jpg"", ""https://folioliving.com.br/assets/uploads/2024/04/1-1-scaled.jpg"", ""https://folioliving.com.br/assets/uploads/2024/04/2-scaled.jpg"", ""https://folioliving.com.br/assets/uploads/2024/04/5-scaled.jpg"", ""https://folioliving.com.br/assets/uploads/2024/04/3-scaled.jpg""]",,https://3dwarehouse.sketchup.com/model/d4cf68d5-8202-4100-9d8d-c86e7dfb67e9/updown-Mesas-Centro
Cadeira Alpha,Folio A partir de: R$3,Cadeira,"052X050X084 *Mobiliário com ampla personalização, variando os valores de acordo com o acabamento e dimensão escolhidos* solicite seu orçamento Encontre uma loja mais próxima Galeria Descrição A cadeira Alpha apresenta um design contemporâneo marcado por linhas suaves e proporções equilibradas","A cadeira Alpha apresenta um design contemporâneo marcado por linhas suaves e proporções equilibradas. Com encosto levemente curvado e assento generosamente estofado, garante conforto e ergonomia. Sua base em madeira maciça traz leveza visual e estabilidade, enquanto os acabamentos e tecidos disponíveis permitem ampla personalização.",https://folioliving.com.br/assets/uploads/2024/08/11-4-scaled.jpg,"[""https://folioliving.com.br/assets/uploads/2024/08/7-16.jpg"", ""https://folioliving.com.br/assets/uploads/2024/08/8-17-scaled.jpg"", ""https://folioliving.com.br/assets/uploads/2024/08/9-17-scaled.jpg"", ""https://folioliving.com.br/assets/uploads/2024/08/10-6-scaled.jpg"", ""https://folioliving.com.br/assets/uploads/2024/08/6-16-scaled.jpg"", ""https://folioliving.com.br/assets/uploads/2024/08/4-17-scaled.jpg"", ""https://folioliving.com.br/assets/uploads/2024/08/2-17-scaled.jpg"", ""https://folioliving.com.br/assets/uploads/2024/08/5-16-scaled.jpg""]",,https://3dwarehouse.sketchup.com/model/ef2ddf9e-aa0e-4d5c-af1b-ed098ec83c70/Cadeira-Alpha
Aparador Tray,Lab,Aparador,"150x045x075 *Mobiliário com ampla personalização, variando os valores de acordo com o acabamento e dimensão escolhidos* solicite seu orçamento Encontre uma loja mais próxima Galeria Descrição O aparador Tray conta com um design contemporâneo, marcado por linhas retas minimalistas","O aparador Tray conta com um design contemporâneo, marcado por linhas retas minimalistas. Possui estrutura metálica, com tampo e prateleira inferior em diferentes materiais e acabamentos, proporcionando um visual leve e funcional. A estrutura em tubo metálico cria um contorno delicado ao redor dos tampos, evocando a ideia de uma bandeja (tray), enquanto os pés finos reforçam a estética clean da peça. Sua versatilidade permite que ele seja usado em diversos ambientes, como salas de estar, halls e áreas de circulação. Disponível em múltiplos tamanhos e acabamentos.",https://folioliving.com.br/assets/uploads/2023/02/10-3.jpg,"[""https://folioliving.com.br/assets/uploads/2023/02/7-1-scaled.jpg"", ""https://folioliving.com.br/assets/uploads/2023/02/2-20-scaled.jpg"", ""https://folioliving.com.br/assets/uploads/2023/02/4-17-scaled.jpg"", ""https://folioliving.com.br/assets/uploads/2023/02/9-1-scaled.jpg"", ""https://folioliving.com.br/assets/uploads/2023/02/8-1-scaled.jpg"", ""https://folioliving.com.br/assets/uploads/2023/02/6-8-scaled.jpg""]",https://www.dropbox.com/scl/fi/92yif5x1om987wbkgf89m/Aparador_TRAY_des_2D_Folio.jpg?rlkey=u6nobdwwu4li5vfq6j33mv0ma&dl=0,https://3dwarehouse.sketchup.com/model/7007ec12-957d-43db-86f7-b1173b6ee667/Aparador-Tray-Folio
Sofá Ethan,Estúdio LL2 A partir de: R$38,Sofá,,"O sofá Ethan é modular e versátil, combinando formas orgânicas com um desenho contemporâneo e acolhedor. Sua estrutura generosa é composta por módulos que permitem configurações variadas — de linhas retas a curvas amplas — proporcionando soluções criativas para diferentes ambientes. Com volumes arredondados e bordas suavemente modeladas, o Ethan transmite uma sensação de leveza e fluidez, mesmo em composições maiores. Sua modularidade abrange módulos retos, curvos e puffes, com opções de braços ou sem, o que amplia ainda mais as possibilidades de uso e adaptação. Disponível em múltiplos acabamentos.",https://folioliving.com.br/assets/uploads/2024/02/22-scaled.jpg,"[""https://folioliving.com.br/assets/uploads/2024/02/21-scaled.jpg"", ""https://folioliving.com.br/assets/uploads/2024/02/12-1-scaled.jpg"", ""https://folioliving.com.br/assets/uploads/2024/02/17.jpg"", ""https://folioliving.com.br/assets/uploads/2024/02/24-scaled.jpg"", ""https://folioliving.com.br/assets/uploads/2024/02/14-1.jpg"", ""https://folioliving.com.br/assets/uploads/2024/02/13-2-scaled.jpg"", ""https://folioliving.com.br/assets/uploads/2024/02/9-3-scaled.jpg"", ""https://folioliving.com.br/assets/uploads/2024/02/23-scaled.jpg"", ""https://folioliving.com.br/assets/uploads/2024/02/11-2-scaled.jpg"", ""https://folioliving.com.br/assets/uploads/2024/02/16.jpg""]",https://www.dropbox.com/scl/fi/j2metlc9cv0a0798npa49/T2M_ETHAN_R00.pdf?rlkey=io6nob81jho7z912nvk43zsmd&dl=0,https://3dwarehouse.sketchup.com/model/4a9bd71c-d002-4819-b4b9-69ec0bd254d5/Sof%C3%A1-Ethan-Folio
Mesa Lateral Techno I,"Estúdio LL2 A partir de: R$11,696",Mesa Lateral,"080x030x040 *Mobiliário com ampla personalização, variando os valores de acordo com o acabamento e dimensão escolhidos* solicite seu orçamento Encontre uma loja mais próxima Galeria Descrição A mesa lateral Techno em aço carbono apresenta um design contemporâneo, marcado por linhas retas minimalistas","A mesa lateral Techno em aço carbono apresenta um design contemporâneo, marcado por linhas retas minimalistas. Seu tampo alongado de cantos arredondados confere suavidade ao visual, enquanto as bases verticais retas reforçam a estética limpa e sólida da peça. Com proporções equilibradas, a Techno combina funcionalidade com uma presença elegante e atemporal, podendo ser utilizada de forma versátil em diversos ambientes. Personalizável em dois tamanhos e múltiplos acabamentos.",https://folioliving.com.br/assets/uploads/2023/11/1-3-scaled.jpg,"[""https://folioliving.com.br/assets/uploads/2023/11/18-1.jpg"", ""https://folioliving.com.br/assets/uploads/2023/11/6-1-scaled.jpg"", ""https://folioliving.com.br/assets/uploads/2023/11/20-1-scaled.jpg"", ""https://folioliving.com.br/assets/uploads/2023/11/21-1-scaled.jpg"", ""https://folioliving.com.br/assets/uploads/2023/11/1-4-scaled.jpg"", ""https://folioliving.com.br/assets/uploads/2023/11/3-1-scaled.jpg"", ""https://folioliving.com.br/assets/uploads/2023/11/2-1-scaled.jpg"", ""https://folioliving.com.br/assets/uploads/2023/11/4-1-scaled.jpg"", ""https://folioliving.com.br/assets/uploads/2023/11/19-1.jpg"", ""https://folioliving.com.br/assets/uploads/2023/11/5-1-scaled.jpg""]",,https://3dwarehouse.sketchup.com/model/cfac76d3-4b8d-4ce7-9316-8f9b9027104b/Mesa-Lateral-Techno
Mesa Lateral Round,Lab,Mesa Lateral,"040Øx045H *Mobiliário com ampla personalização, variando os valores de acordo com o acabamento e dimensão escolhidos* solicite seu orçamento Encontre uma loja mais próxima Galeria Descrição A mesa lateral Round conta com um design contemporâneo, marcado por linhas retas minimalistas","A mesa lateral Round conta com um design contemporâneo, marcado por linhas retas minimalistas. Possui tampo circular de presença discreta, com acabamento elegante e proporções equilibradas que realçam sua pureza formal. A base cilíndrica proporciona sustentação robusta e, ao mesmo tempo, um visual leve e fluido. Disponível em dois tamanhos e múltiplos acabamentos.",https://folioliving.com.br/assets/uploads/2023/06/7-16.jpg,"[""https://folioliving.com.br/assets/uploads/2023/06/11-7.jpg"", ""https://folioliving.com.br/assets/uploads/2023/06/12-3.jpg"", ""https://folioliving.com.br/assets/uploads/2023/06/10-11.jpg"", ""https://folioliving.com.br/assets/uploads/2023/06/8-18.jpg"", ""https://folioliving.com.br/assets/uploads/2023/06/9-15.jpg"", ""https://folioliving.com.br/assets/uploads/2023/06/7-17.jpg""]",,https://3dwarehouse.sketchup.com/model/ee9f8f32-1217-45a8-b4e4-03032c3b4d71/Round-Mesas-Laterais
Mesa de Jantar Round,Lab,Mesa de Jantar,"300x120x076 *Mobiliário com ampla personalização, variando os valores de acordo com o acabamento e dimensão escolhidos* solicite seu orçamento Encontre uma loja mais próxima Galeria Descrição A mesa de jantar Round conta com um design contemporâneo, marcado por linhas retas minimalistas","A mesa de jantar Round conta com um design contemporâneo, marcado por linhas retas minimalistas. Possui tampo amplo e bordas suavemente arredondadas, proporcionando um visual leve e elegante. A base é formada por dois cilindros robustos e discretos, conferindo estabilidade e presença sem pesar no ambiente. A composição entre o tampo delgado e as bases sólidas cria um equilíbrio harmonioso entre força e leveza. A mesa Round pode ser configurada em diferentes tamanhos e acabamentos.",https://folioliving.com.br/assets/uploads/2023/06/1-127.jpg,"[""https://folioliving.com.br/assets/uploads/2023/06/6-47.jpg"", ""https://folioliving.com.br/assets/uploads/2023/06/4-46.jpg"", ""https://folioliving.com.br/assets/uploads/2023/06/10-20-scaled.jpg"", ""https://folioliving.com.br/assets/uploads/2023/06/5-47.jpg"", ""https://folioliving.com.br/assets/uploads/2023/06/9-20-scaled.jpg"", ""https://folioliving.com.br/assets/uploads/2023/06/3-47.jpg""]",,https://3dwarehouse.sketchup.com/model/32ba90b6-628e-4489-9475-99211c366104/Mesa-de-Jantar-Round-Oblonga
Mesa de Centro Lake,Folio A partir de: R$9,Mesa de Centro,"120x080x035 *Mobiliário com ampla personalização, variando os valores de acordo com o acabamento e dimensão escolhidos* solicite seu orçamento Encontre uma loja mais próxima Galeria Descrição A mesa de centro Lake apresenta um design escultural e minimalista que combina simplicidade formal com presença marcante","A mesa de centro Lake apresenta um design escultural e minimalista que combina simplicidade formal com presença marcante. Seu tampo de contorno orgânico suavemente irregular evoca a fluidez das formas naturais, enquanto a base cilíndrica confere solidez e equilíbrio ao conjunto. Disponível em múltiplos tamanhos e acabamentos.",https://folioliving.com.br/assets/uploads/2023/06/13-7-scaled.jpg,"[""https://folioliving.com.br/assets/uploads/2023/06/17-2-scaled.jpg"", ""https://folioliving.com.br/assets/uploads/2023/06/18-1-scaled.jpg"", ""https://folioliving.com.br/assets/uploads/2023/06/5-51-scaled.jpg"", ""https://folioliving.com.br/assets/uploads/2023/06/11-10.jpg"", ""https://folioliving.com.br/assets/uploads/2023/06/9-19.jpg"", ""https://folioliving.com.br/assets/uploads/2023/06/12-7.jpg"", ""https://folioliving.com.br/assets/uploads/2023/06/14-4-scaled.jpg"", ""https://folioliving.com.br/assets/uploads/2023/06/15-4-scaled.jpg"", ""https://folioliving.com.br/assets/uploads/2023/06/7-22.jpg"", ""https://folioliving.com.br/assets/uploads/2023/06/6-52.jpg"", ""https://folioliving.com.br/assets/uploads/2023/06/13-8-scaled.jpg"", ""https://folioliving.com.br/assets/uploads/2023/06/16-4-scaled.jpg""]",https://www.dropbox.com/scl/fi/8t7f7g7beorw8f5b2rqk9/Mesa_Centro_LAKE_des_2D_Folio.jpg?rlkey=35r1zzyeaotuxafh9idgn0oo3&dl=0,https://3dwarehouse.sketchup.com/model/2eea7cd1-d23b-4dbe-8515-6773e4bb17e5/Mesa-de-Centro-Lake
Poltrona Ivy Chaise,Folio A partir de: R$12,Poltrona,"088X136X061 *Mobiliário com ampla personalização, variando os valores de acordo com o acabamento e dimensão escolhidos* solicite seu orçamento Encontre uma loja mais próxima Galeria Descrição A poltrona Ivy Chaise combina formas generosas e acolhedoras com um desenho contemporâneo de traços limpos e baixos","A poltrona Ivy Chaise combina formas generosas e acolhedoras com um desenho contemporâneo de traços limpos e baixos. Ideal para momentos de pausa e contemplação, seu assento profundo convida ao descanso pleno, enquanto a estrutura curva envolve suavemente o corpo. Com um visual escultural e confortável, a Ivy Chaise se destaca como protagonista em ambientes sociais ou íntimos, equilibrando sofisticação e bem-estar. Disponível em dois tamanhos e múltiplos acabamentos.",https://folioliving.com.br/assets/uploads/2024/08/10-1-scaled.jpg,"[""https://folioliving.com.br/assets/uploads/2024/08/14-scaled.jpg"", ""https://folioliving.com.br/assets/uploads/2024/08/11-2.jpg"", ""https://folioliving.com.br/assets/uploads/2024/08/13-2.jpg"", ""https://folioliving.com.br/assets/uploads/2024/08/12-1.jpg"", ""https://folioliving.com.br/assets/uploads/2024/08/10-5-scaled.jpg"", ""https://folioliving.com.br/assets/uploads/2024/08/16-scaled.jpg""]",,https://3dwarehouse.sketchup.com/model/6e4428a1-d042-4905-a753-e21836e1f207/Poltrona-Ivy-FOLIO
Mesa Lateral Mess,Folio A partir de: R$2,Mesa Lateral,"040ØX055 *Mobiliário com ampla personalização, variando os valores de acordo com o acabamento e dimensão escolhidos* solicite seu orçamento Encontre uma loja mais próxima Galeria Descrição A mesa lateral Mess se destaca pela combinação entre leveza formal e uma base escultórica marcante","A mesa lateral Mess se destaca pela combinação entre leveza formal e uma base escultórica marcante. Seu design explora contrastes entre o tampo de linhas simples e superfícies delicadas — sempre em formato circular — com uma base que remete a uma composição geométrica dinâmica de hastes metálicas cruzadas, criando um visual que é ao mesmo tempo funcional e expressivo. A mesa lateral Mess funciona muito bem em composição dupla — com tampos em alturas diferentes, criando um jogo de sobreposição visual interessante e versátil para ambientes como salas de estar, lounges ou quartos. Disponível em dois tamanhos e múltiplos acabamentos.",https://folioliving.com.br/assets/uploads/2022/06/7-21-scaled.jpg,"[""https://folioliving.com.br/assets/uploads/2022/06/9-13-scaled.jpg"", ""https://folioliving.com.br/assets/uploads/2022/06/1-160-scaled.jpg"", ""https://folioliving.com.br/assets/uploads/2022/06/2-106-scaled.jpg"", ""https://folioliving.com.br/assets/uploads/2022/06/8-15-scaled.jpg"", ""https://folioliving.com.br/assets/uploads/2022/06/5-43-scaled.jpg""]",,https://3dwarehouse.sketchup.com/model/8623dc19-a719-4c7b-9e80-866d57177c66/Mesa-Lateral-Mess
Banqueta Urbano,Flipê Arquitetura + Nati Minas & Studio A partir de: R$7,Banqueta,"045x045x096 *Mobiliário com ampla personalização, variando os valores de acordo com o acabamento e dimensão escolhidos* solicite seu orçamento Encontre uma loja mais próxima Galeria Descrição A banqueta Urbano é marcada por um design contemporâneo e minimalista, com estrutura em aço pintado e assento acolchoado revestido em tecido, fixado por fivelas e botões metálicos aparentes","A banqueta Urbano é marcada por um design contemporâneo e minimalista, com estrutura em aço pintado e assento acolchoado revestido em tecido, fixado por fivelas e botões metálicos aparentes. Com proporções esbeltas e uma estética leve, a peça propõe uma releitura do mobiliário industrial com toque urbano e descontraído. Disponível com encosto e sem encosto, além de diversos acabamentos.",https://folioliving.com.br/assets/uploads/2024/09/12-scaled.jpg,"[""https://folioliving.com.br/assets/uploads/2024/09/10-3-scaled.jpg"", ""https://folioliving.com.br/assets/uploads/2024/09/11-1-scaled.jpg"", ""https://folioliving.com.br/assets/uploads/2024/09/2-7-scaled.jpg"", ""https://folioliving.com.br/assets/uploads/2024/09/5-6-scaled.jpg"", ""https://folioliving.com.br/assets/uploads/2024/09/13-scaled.jpg"", ""https://folioliving.com.br/assets/uploads/2024/09/15-scaled.jpg""]",,https://3dwarehouse.sketchup.com/model/d91acee4-4716-41ab-926e-45a13eb428c0/Banqueta-Urbano-Folio
Sofá Tipz,Folio A partir de: R$14,Sofá,"264X090X067 *Mobiliário com ampla personalização, variando os valores de acordo com o acabamento e dimensão escolhidos* solicite seu orçamento Encontre uma loja mais próxima Galeria Descrição O Sofá Tipz combina linhas retas e proporções equilibradas, criando uma peça sofisticada e atemporal","OSofá Tipzcombina linhas retas e proporções equilibradas, criando uma peça sofisticada e atemporal. Sua estrutura robusta, aliada a estofamento macio e almofadas soltas, proporciona um conforto excepcional, ideal para momentos de relaxamento. Disponível em diferentes combinações de tecidos, o Tipz adapta-se a diversos estilos de decoração, do contemporâneo ao clássico. Os pés metálicos finos e discretos acrescentam leveza ao design, criando um visual clean e moderno.",https://folioliving.com.br/assets/uploads/2022/05/1-96-scaled.jpg,"[""https://folioliving.com.br/assets/uploads/2022/05/1-97-scaled.jpg"", ""https://folioliving.com.br/assets/uploads/2022/05/6-27-scaled.jpg"", ""https://folioliving.com.br/assets/uploads/2022/05/5-30-scaled.jpg"", ""https://folioliving.com.br/assets/uploads/2022/05/2-73-scaled.jpg"", ""https://folioliving.com.br/assets/uploads/2022/05/3-65-scaled.jpg"", ""https://folioliving.com.br/assets/uploads/2022/05/4-53-scaled.jpg"", ""https://folioliving.com.br/assets/uploads/2022/05/7-6-scaled.jpg"", ""https://folioliving.com.br/assets/uploads/2022/05/9-4-scaled.jpg"", ""https://folioliving.com.br/assets/uploads/2022/05/8-5-scaled.jpg""]",,https://3dwarehouse.sketchup.com/model/8795182a-d573-406d-a37f-028b05724715/Sof%C3%A1-Tipz-Folio
Banqueta Luna,Folio A partir de: R$2,Banqueta,"038Øx070 *Mobiliário com ampla personalização, variando os valores de acordo com o acabamento e dimensão escolhidos* solicite seu orçamento Encontre uma loja mais próxima Galeria Descrição A banqueta Luna apresenta um design contemporâneo com formas geométricas simples e proporções bem resolvidas","A banqueta Luna apresenta um design contemporâneo com formas geométricas simples e proporções bem resolvidas. Seu assento redondo e estrutura em madeira maciça evocam uma estética orgânica e acolhedora, enquanto a junção metálica visível traz um toque industrial e sofisticado. O apoio para os pés em barra metálica garante estabilidade e conforto ao sentar. Versátil, a Luna funciona bem em bancadas residenciais e espaços de uso coletivo, sempre adicionando personalidade ao ambiente. Está disponível em diferentes acabamentos de madeira e pintura metálica.",https://folioliving.com.br/assets/uploads/2023/02/00-scaled.jpg,"[""https://folioliving.com.br/assets/uploads/2023/02/6-9-scaled.jpg"", ""https://folioliving.com.br/assets/uploads/2023/02/8-2-scaled.jpg"", ""https://folioliving.com.br/assets/uploads/2023/02/2-21-scaled.jpg"", ""https://folioliving.com.br/assets/uploads/2023/02/00-1-scaled.jpg"", ""https://folioliving.com.br/assets/uploads/2023/02/5-9-scaled.jpg"", ""https://folioliving.com.br/assets/uploads/2023/02/3-21-scaled.jpg"", ""https://folioliving.com.br/assets/uploads/2023/02/1-38-scaled.jpg"", ""https://folioliving.com.br/assets/uploads/2023/02/10-4-scaled.jpg""]",,https://3dwarehouse.sketchup.com/model/fdc9ac68-c854-4f16-9dca-f47a0c2481b8/Banqueta-Luna
Mesa de Jantar Mary,Folio A partir de: R$19,Mesa de Jantar,"220X110X075 *Mobiliário com ampla personalização, variando os valores de acordo com o acabamento e dimensão escolhidos* solicite seu orçamento Encontre uma loja mais próxima Galeria Descrição A mesa de jantar Mary conta com um design contemporâneo, marcado por linhas retas minimalistas e um desenho leve e preciso","A mesa de jantar Mary conta com um design contemporâneo, marcado por linhas retas minimalistas e um desenho leve e preciso. Seu tampo delgado e de bordas chanfradas confere elegância e sofisticação ao conjunto, enquanto as duas bases centrais em forma de prancha vertical garantem estabilidade estrutural e uma estética depurada. Personalizável em múltiplos tamanhos e acabamentos.",https://folioliving.com.br/assets/uploads/2022/06/2-126.jpg,"[""https://folioliving.com.br/assets/uploads/2022/06/5-59.jpg"", ""https://folioliving.com.br/assets/uploads/2022/06/3-114.jpg"", ""https://folioliving.com.br/assets/uploads/2022/06/4-94.jpg"", ""https://folioliving.com.br/assets/uploads/2022/06/2-127.jpg""]",,https://3dwarehouse.sketchup.com/model/ae722585-b412-4e70-bec3-426996f5025e/Mesa-de-Jantar-Mary
Poltrona Ivy,Folio A partir de: R$9,Poltrona,"088x088x061 *mobiliário com ampla personalização, variando os valores de acordo com o acabamento e dimensão escolhidos* solicite seu orçamento Encontre uma loja mais próxima Galeria Descrição A poltrona Ivy é uma peça com uma estética envolvente, pensada para proporcionar conforto absoluto com um toque de sofisticação contemporânea","A poltrona Ivy é uma peça com uma estética envolvente, pensada para proporcionar conforto absoluto com um toque de sofisticação contemporânea. Seu desenho orgânico e acolhedor valoriza formas arredondadas e proporções amplas, criando uma sensação de suavidade visual e física. Disponível em modo giratório, normal e em dois tamanhos com múltiplos acabamentos.",https://folioliving.com.br/assets/uploads/2022/06/3-117.jpg,"[""https://folioliving.com.br/assets/uploads/2022/06/8-14.jpg"", ""https://folioliving.com.br/assets/uploads/2022/06/2-130.jpg"", ""https://folioliving.com.br/assets/uploads/2022/06/5-61.jpg"", ""https://folioliving.com.br/assets/uploads/2022/06/4-96.jpg"", ""https://folioliving.com.br/assets/uploads/2022/06/9-10.jpg"", ""https://folioliving.com.br/assets/uploads/2022/06/7-20.jpg""]",,https://3dwarehouse.sketchup.com/model/2d6c75cb-0688-40a4-935c-31bd717dbf96/Poltrona-Ivy-Folio
Mesa de Jantar Moon Orgânica,Folio A partir de: R$30,Mesa de Jantar,"170x155x135x076 *Mobiliário com ampla personalização, variando os valores de acordo com o acabamento e dimensão escolhidos* solicite seu orçamento Encontre uma loja mais próxima Galeria Descrição A mesa de jantar Moon conta com um design contemporâneo, marcado por linhas suaves e proporções esculturais","A mesa de jantar Moon conta com um design contemporâneo, marcado por linhas suaves e proporções esculturais. Seu tampo de contorno orgânico se apoia sobre uma base cônica imponente, criando um contraste entre forma fluida e estrutura sólida. O desenho assimétrico do tampo promove uma atmosfera mais descontraída e dinâmica, favorecendo a interação entre os usuários. Personalizável em diversos tamanhos e acabamentos.",https://folioliving.com.br/assets/uploads/2023/02/12-2-scaled.jpg,"[""https://folioliving.com.br/assets/uploads/2023/02/13-2-scaled.jpg"", ""https://folioliving.com.br/assets/uploads/2023/02/14-2-scaled.jpg"", ""https://folioliving.com.br/assets/uploads/2023/02/10-1-scaled.jpg"", ""https://folioliving.com.br/assets/uploads/2023/02/3-22-scaled.jpg"", ""https://folioliving.com.br/assets/uploads/2023/02/7-3-scaled.jpg"", ""https://folioliving.com.br/assets/uploads/2023/02/8-3-scaled.jpg"", ""https://folioliving.com.br/assets/uploads/2023/02/2-22-scaled.jpg"", ""https://folioliving.com.br/assets/uploads/2023/02/11-1-scaled.jpg""]",,https://3dwarehouse.sketchup.com/model/81689f1b-c523-4337-ba73-caae316295e7/Mesa-de-Jantar-Moon-Organica
Mesa de Jantar Moon Oval,Folio A partir de: R$30,Mesa de Jantar,"220x110x076 *Mobiliário com ampla personalização, variando os valores de acordo com o acabamento e dimensão escolhidos* solicite seu orçamento Encontre uma loja mais próxima Galeria Descrição A mesa de jantar Moon apresenta um design contemporâneo, com linhas suaves e proporções equilibradas","A mesa de jantar Moon apresenta um design contemporâneo, com linhas suaves e proporções equilibradas. Seu tampo oval, de bordas delicadamente arredondadas, repousa sobre uma base cônica em formato escultural, proporcionando um visual fluido e sofisticado. O contraste entre o tampo em madeira clara e a base em acabamento cimentício reforça sua presença estética e materialidade tátil. Disponível em diferentes tamanhos e acabamentos.",https://folioliving.com.br/assets/uploads/2023/02/3-28.jpg,"[""https://folioliving.com.br/assets/uploads/2023/02/8-8-scaled.jpg"", ""https://folioliving.com.br/assets/uploads/2023/02/5-14.jpg"", ""https://folioliving.com.br/assets/uploads/2023/02/4-24.jpg"", ""https://folioliving.com.br/assets/uploads/2023/02/7-8.jpg""]",,https://3dwarehouse.sketchup.com/model/dec17b53-6532-43b0-bdfe-3ede21d0c1ba/Mesa-de-Jantar-Moon-Oval
Poltrona Etah,Folio A partir de: R$7,Poltrona,"075X070X071X065 *Mobiliário com ampla personalização, variando os valores de acordo com o acabamento e dimensão escolhidos* solicite seu orçamento Encontre uma loja mais próxima Galeria Descrição A poltrona Etah une conforto envolvente a uma estética elegante, marcada por formas orgânicas e proporções bem equilibradas","A poltrona Etah une conforto envolvente a uma estética elegante, marcada por formas orgânicas e proporções bem equilibradas. Seu encosto curvo e contínuo envolve o assento com suavidade, criando uma concha acolhedora que convida ao relaxamento. A estrutura metálica delicada sustenta a poltrona com leveza, valorizando a silhueta fluida do estofado. Os pés esguios conferem um ar contemporâneo e leve ao conjunto, enquanto as opções de revestimento — permitem adaptações para diferentes atmosferas, do residencial ao corporativo. Disponível em tamanho único com múltiplos acabamentos.",https://folioliving.com.br/assets/uploads/2022/06/15-scaled.jpg,"[""https://folioliving.com.br/assets/uploads/2022/06/9-6-scaled.jpg"", ""https://folioliving.com.br/assets/uploads/2022/06/14-scaled.jpg"", ""https://folioliving.com.br/assets/uploads/2022/06/50-scaled.png"", ""https://folioliving.com.br/assets/uploads/2022/06/51-scaled.png"", ""https://folioliving.com.br/assets/uploads/2022/06/16-scaled.jpg"", ""https://folioliving.com.br/assets/uploads/2022/06/17-scaled.jpg"", ""https://folioliving.com.br/assets/uploads/2022/06/12-1-scaled.jpg"", ""https://folioliving.com.br/assets/uploads/2022/06/2-115-scaled.jpg"", ""https://folioliving.com.br/assets/uploads/2022/06/10-4-scaled.jpg"", ""https://folioliving.com.br/assets/uploads/2022/06/13-1-scaled.jpg""]",,https://3dwarehouse.sketchup.com/model/23df46b2-9d48-4395-a14b-354a98724677/Poltrona-Etah
Cadeira Legiti Perfurada,Flipê Arquitetura + Nati Minas & Studio A partir de: R$8,Cadeira,"050X050X070 *Mobiliário com ampla personalização, variando os valores de acordo com o acabamento e dimensão escolhidos* solicite seu orçamento Encontre uma loja mais próxima Galeria Descrição A cadeira Legiti Perfurada traz uma leitura contemporânea marcada por linhas retas e minimalismo gráfico","A cadeira Legiti Perfurada traz uma leitura contemporânea marcada por linhas retas e minimalismo gráfico. Sua estrutura leve em aço forma uma base geométrica e elegante, enquanto o encosto e o assento em chapa perfurada conferem leveza visual e identidade industrial à peça. É uma peça versátil, ideal para ambientes internos ou externos cobertos, adaptando-se a diferentes usos e composições. Disponível em múltiplos acabamentos.",https://folioliving.com.br/assets/uploads/2023/02/1-41-scaled.jpg,"[""https://folioliving.com.br/assets/uploads/2023/02/8-5-scaled.jpg"", ""https://folioliving.com.br/assets/uploads/2023/02/7-5-scaled.jpg"", ""https://folioliving.com.br/assets/uploads/2023/02/14-1-scaled.jpg"", ""https://folioliving.com.br/assets/uploads/2023/02/15-scaled.jpg"", ""https://folioliving.com.br/assets/uploads/2023/02/3-24-scaled.jpg"", ""https://folioliving.com.br/assets/uploads/2023/02/9-4-scaled.jpg"", ""https://folioliving.com.br/assets/uploads/2023/02/5-11-scaled.jpg"", ""https://folioliving.com.br/assets/uploads/2023/02/6-11-scaled.jpg"", ""https://folioliving.com.br/assets/uploads/2023/02/10-5-scaled.jpg"", ""https://folioliving.com.br/assets/uploads/2023/02/11-2-scaled.jpg"", ""https://folioliving.com.br/assets/uploads/2023/02/12-1-scaled.jpg"", ""https://folioliving.com.br/assets/uploads/2023/02/13-1-scaled.jpg""]",,https://3dwarehouse.sketchup.com/model/47998c20-ad49-42f5-addc-9624917d8571/Cadeira-Legiti
Mesa Lateral Moon,Folio A partir de: R$8,Mesa Lateral,"060ØX060 *Mobiliário com ampla personalização, variando os valores de acordo com o acabamento e dimensão escolhidos* solicite seu orçamento Encontre uma loja mais próxima Galeria Descrição A mesa lateral Moon apresenta um design contemporâneo, marcado por formas suaves e minimalistas","A mesa lateral Moon apresenta um design contemporâneo, marcado por formas suaves e minimalistas. Seu tampo, disponível em versões orgânica e circular, confere fluidez e movimento ao visual, enquanto a base cônica traz estabilidade e um toque escultural à peça. Fabricada em madeira, a Moon combina funcionalidade com estética sofisticada, podendo ser utilizada ao lado de sofás, poltronas ou como apoio em diversos ambientes. A versatilidade de suas formas e tamanhos permite composições únicas, tanto em espaços residenciais quanto corporativos. A mesa é personalizável em diferentes tamanhos e acabamentos.",https://folioliving.com.br/assets/uploads/2022/06/10-8-scaled.jpg,"[""https://folioliving.com.br/assets/uploads/2022/06/9-9.jpg"", ""https://folioliving.com.br/assets/uploads/2022/06/2-120.jpg"", ""https://folioliving.com.br/assets/uploads/2022/06/1-188.jpg"", ""https://folioliving.com.br/assets/uploads/2022/06/8-11.jpg"", ""https://folioliving.com.br/assets/uploads/2022/06/4-90.jpg"", ""https://folioliving.com.br/assets/uploads/2022/06/5-55.jpg"", ""https://folioliving.com.br/assets/uploads/2022/06/11-4-scaled.jpg""]",,https://3dwarehouse.sketchup.com/model/223c8335-ea85-4d20-ac9e-de0340d1190b/Mesa-Lateral-Moon-Org%C3%A2nica
Cadeira Legiti Lisa,Flipê Arquitetura + Nati Minas & Studio A partir de: R$5,Cadeira,"050x050x070 *Mobiliário com ampla personalização, variando os valores de acordo com o acabamento e dimensão escolhidos* solicite seu orçamento Encontre uma loja mais próxima Galeria Descrição A cadeira Legiti Lisa combina minimalismo e funcionalidade com uma estética refinada e contemporânea","A cadeira Legiti Lisa combina minimalismo e funcionalidade com uma estética refinada e contemporânea. Composta por linhas retas e uma estrutura leve em aço, apresenta assento e encosto curvos em chapa contínua, conferindo conforto sem abrir mão da elegância. A geometria sutil da concha, com curvatura única e acabamento liso, garante apoio ergonômico e visual leve. A estrutura metálica fina e o desenho limpo permitem que a Legiti Lisa se integre a diferentes ambientes — de residências a espaços corporativos e comerciais. Está disponível em diversas cores e acabamentos, ampliando as possibilidades de personalização.",https://folioliving.com.br/assets/uploads/2023/02/1-43-scaled.jpg,"[""https://folioliving.com.br/assets/uploads/2023/02/1-44-scaled.jpg"", ""https://folioliving.com.br/assets/uploads/2023/02/2-26-scaled.jpg"", ""https://folioliving.com.br/assets/uploads/2023/02/7-6-scaled.jpg"", ""https://folioliving.com.br/assets/uploads/2023/02/4-22-scaled.jpg""]",,https://3dwarehouse.sketchup.com/model/47998c20-ad49-42f5-addc-9624917d8571/Cadeira-Legiti
Poltrona Due,Folio A partir de: R$10,Poltrona,"086X085X079X076 *Mobiliário com ampla personalização, variando os valores de acordo com o acabamento e dimensão escolhidos* solicite seu orçamento Encontre uma loja mais próxima Galeria Descrição A poltrona Due apresenta um design contemporâneo de linhas suaves e proporções equilibradas, ideal para compor ambientes elegantes e acolhedores","A poltrona Due apresenta um design contemporâneo de linhas suaves e proporções equilibradas, ideal para compor ambientes elegantes e acolhedores. Com encosto e braços integrados em uma única estrutura curva, a peça oferece um abraço visual que convida ao relaxamento. O assento é amplo e generosamente estofado, proporcionando conforto prolongado, enquanto a base metálica de perfil esguio garante leveza visual e estabilidade estrutural. Disponível em dois tamanhos e múltiplos acabamentos.",https://folioliving.com.br/assets/uploads/2022/06/9-12-scaled.jpg,"[""https://folioliving.com.br/assets/uploads/2022/06/3-116.jpg"", ""https://folioliving.com.br/assets/uploads/2022/06/2-129.jpg"", ""https://folioliving.com.br/assets/uploads/2022/06/4-95.jpg"", ""https://folioliving.com.br/assets/uploads/2022/06/7-19.jpg"", ""https://folioliving.com.br/assets/uploads/2022/06/5-60.jpg"", ""https://folioliving.com.br/assets/uploads/2022/06/6-62.jpg""]",,https://3dwarehouse.sketchup.com/collection/4e70d2cf-c596-42c4-bd35-4b9559a94996/Poltronas
Banqueta Legiti Perfurada,Flipê Arquitetura + Nati Minas & Studio A partir de: R$4,Banqueta,"046X050X090 *Mobiliário com ampla personalização, variando os valores de acordo com o acabamento e dimensão escolhidos* solicite seu orçamento Encontre uma loja mais próxima Galeria Descrição A banqueta Legiti Perfurada conta com um design contemporâneo, marcado por linhas retas minimalistas","A banqueta Legiti Perfurada conta com um design contemporâneo, marcado por linhas retas minimalistas. Possui assento e encosto em tela metálica perfurada, que garantem leveza visual e estrutura firme. As almofadas estofadas, aplicadas de forma precisa ao encosto e ao assento, proporcionam conforto sem comprometer o traço limpo da peça. Sua estrutura metálica esguia e o apoio para os pés completam a funcionalidade da banqueta, tornando-a ideal para bancadas e cozinhas gourmet. Com estilo industrial refinado, a Legiti Perfurada une praticidade, ergonomia e estética moderna. Personalizável em diversos acabamentos e cores.",https://folioliving.com.br/assets/uploads/2023/06/1-122-scaled.jpg,"[""https://folioliving.com.br/assets/uploads/2023/06/4-44-scaled.jpg"", ""https://folioliving.com.br/assets/uploads/2023/06/3-45-scaled.jpg"", ""https://folioliving.com.br/assets/uploads/2023/06/1-123-scaled.jpg"", ""https://folioliving.com.br/assets/uploads/2023/06/2-48-scaled.jpg""]",,https://3dwarehouse.sketchup.com/model/5b492339-6b63-42f4-a498-a563a8708b49/Banqueta-Legiti-Folio
Mesa Bar Irish,Folio A partir de: R$7,Mesa,"066ØX100 *Mobiliário com ampla personalização, variando os valores de acordo com o acabamento e dimensão escolhidos* solicite seu orçamento Encontre uma loja mais próxima Galeria Descrição A mesa bar Irish conta com um design contemporâneo, marcado por linhas retas minimalistas","A mesa bar Irish conta com um design contemporâneo, marcado por linhas retas minimalistas. Possui tampo redondo de bordas suavemente chanfradas, que adiciona sofisticação ao conjunto. Sua estrutura tubular metálica é leve e resistente, com base em formato orgânico que garante estabilidade. Um detalhe marcante da Irish é o gancho funcional acoplado à haste central, ideal para pendurar bolsas ou acessórios, tornando-a perfeita para bares, cafés e ambientes sociais. Compacta e versátil, a mesa Irish adapta-se com facilidade a diferentes espaços e necessidades, unindo praticidade com elegância atemporal. Personalizável em diversos acabamentos e tamanhos.",https://folioliving.com.br/assets/uploads/2022/06/mesa-bar-irish-1.jpg,"[""https://folioliving.com.br/assets/uploads/2022/06/mesa-bar-irish-2.jpg"", ""https://folioliving.com.br/assets/uploads/2022/06/mesa-bar-irish-6.jpg"", ""https://folioliving.com.br/assets/uploads/2022/06/mesa-bar-irish-7.jpg"", ""https://folioliving.com.br/assets/uploads/2022/06/mesa-bar-irish-4.jpg""]",,https://3dwarehouse.sketchup.com/model/a8394d5b-21e1-477e-8064-ecca069695e4/Mesa-de-Bar-Irish
Aparador Matita,Folio A partir de: R$16,Aparador,"160X040X075 *Mobiliário com ampla personalização, variando os valores de acordo com o acabamento e dimensão escolhidos* solicite seu orçamento Encontre uma loja mais próxima Galeria Descrição O aparador Matita conta com um design contemporâneo, marcado por linhas retas minimalistas","O aparador Matita conta com um design contemporâneo, marcado por linhas retas minimalistas. Sua estrutura é composta por base metálica com pés em formato de “Y” invertido, proporcionando estabilidade e um visual leve. O tampo tem bordas levemente arredondadas e espessura fina.. Com proporções equilibradas e acabamento elegante, ele combina funcionalidade com elegância atemporal, podendo ser utilizado em diversos ambientes como halls, salas de jantar ou escritórios. Personalizável em diversos acabamentos e cores.",https://folioliving.com.br/assets/uploads/2022/05/1-98.jpg,"[""https://folioliving.com.br/assets/uploads/2022/05/2-74.jpg"", ""https://folioliving.com.br/assets/uploads/2022/05/5-31.jpg"", ""https://folioliving.com.br/assets/uploads/2022/05/4-54.jpg"", ""https://folioliving.com.br/assets/uploads/2022/05/3-66.jpg""]",https://www.dropbox.com/scl/fi/i6969n04armneyvsnyzfr/Aparador_MATITA_des_2D_Folio.jpg?rlkey=ykq9ynnjf99z9w2cq52c6ttth&dl=0,https://3dwarehouse.sketchup.com/model/2d394040-49fc-4846-92d8-34c7e4631a41/Aparador-Matita
Mesa Bar Key,Folio A partir de: R$8,Mesa,"055ØX100 *Mobiliário com ampla personalização, variando os valores de acordo com o acabamento e dimensão escolhidos* solicite seu orçamento Encontre uma loja mais próxima Galeria Descrição A mesa bar Key conta com um design contemporâneo, marcado por linhas retas minimalistas","A mesa bar Key conta com um design contemporâneo, marcado por linhas retas minimalistas. Seu tampo redondo e fino transmite leveza visual, enquanto sua base robusta em concreto aparente garante estabilidade e um contraste interessante entre os materiais. A haste central metálica conecta as partes com elegância, reforçando o equilíbrio entre solidez e sutileza. Ideal para áreas internas ou externas cobertas, a Key é versátil e funcional, sendo perfeita para momentos de pausa, cafés rápidos ou espaços colaborativos. Com visual atemporal, adapta-se com facilidade a diferentes estilos de ambiente e pode ser personalizada em variados acabamentos.",https://folioliving.com.br/assets/uploads/2022/06/1-180.jpg,"[""https://folioliving.com.br/assets/uploads/2022/06/11-3-scaled.jpg"", ""https://folioliving.com.br/assets/uploads/2022/06/12-2-scaled.jpg"", ""https://folioliving.com.br/assets/uploads/2022/06/10-5.jpg"", ""https://folioliving.com.br/assets/uploads/2022/06/5-53.jpg"", ""https://folioliving.com.br/assets/uploads/2022/06/4-87.jpg"", ""https://folioliving.com.br/assets/uploads/2022/06/7-14.jpg"", ""https://folioliving.com.br/assets/uploads/2022/06/9-8.jpg"", ""https://folioliving.com.br/assets/uploads/2022/06/1-181.jpg""]",,https://3dwarehouse.sketchup.com/model/0aff4d0d-0c1e-45dd-8bff-113a8d1174b0/Mesa-Bar-Key
Espelho Cadere,Folio A partir de: R$4,Espelho,"080X040 *Mobiliário com ampla personalização, variando os valores de acordo com o acabamento e dimensão escolhidos* solicite seu orçamento Encontre uma loja mais próxima Galeria Descrição O espelho Cadere conta com um design contemporâneo, marcado por linhas suaves e minimalistas","O espelho Cadere conta com um design contemporâneo, marcado por linhas suaves e minimalistas. Sua forma orgânica foge do tradicional, proporcionando leveza visual e um toque moderno aos ambientes. A moldura sutil em acabamento metálico envolve o espelho com elegância, criando um contorno fluido que se destaca pela simplicidade.. Pode ser utilizado em halls, quartos, lavabos ou composições decorativas em salas de estar. O Cadere une funcionalidade com elegância atemporal e se adapta com facilidade a diferentes estilos de decoração. Personalizável em diversos acabamentos.",https://folioliving.com.br/assets/uploads/2022/05/1-101.jpg,"[""https://folioliving.com.br/assets/uploads/2022/05/3-70-scaled.jpg"", ""https://folioliving.com.br/assets/uploads/2022/05/4-55-scaled.jpg"", ""https://folioliving.com.br/assets/uploads/2022/05/2-76.jpg"", ""https://folioliving.com.br/assets/uploads/2022/05/1-102.jpg""]",,https://3dwarehouse.sketchup.com/model/4769b5de-cffe-4b43-894c-20ec37e61882/Espelho-Cadere
Espelho York Orgânico,Folio A partir de: R$4,Espelho,"100X070 *Mobiliário com ampla personalização, variando os valores de acordo com o acabamento e dimensão escolhidos* solicite seu orçamento Encontre uma loja mais próxima Galeria Descrição O espelho York Orgânico conta com um design contemporâneo, marcado por linhas suaves e formas assimétricas","O espelho York Orgânico conta com um design contemporâneo, marcado por linhas suaves e formas assimétricas. Seu contorno orgânico traz movimento e fluidez, criando uma peça de destaque com leveza visual. Sem moldura visível, ele aposta em um design limpo e sofisticado, ideal para quem busca composições modernas e minimalistas. Pode ser utilizado em diferentes ambientes como salas, halls, quartos ou lavabos, funcionando tanto como elemento decorativo quanto funcional. O York Orgânico se adapta com facilidade a diversos estilos de interiores, unindo versatilidade com elegância atemporal. Disponível em múltiplos tamanhos e acabamentos personalizáveis.",https://folioliving.com.br/assets/uploads/2022/05/1-104.jpg,"[""https://folioliving.com.br/assets/uploads/2022/05/2-78.jpg""]",,https://3dwarehouse.sketchup.com/model/365d0eb2-adbc-48d7-af4b-8f80c1b86595/Espelho-York
Puff Amici,Folio A partir de: R$2,Puff,"038Øx047 *Mobiliário com ampla personalização, variando os valores de acordo com o acabamento e dimensão escolhidos* solicite seu orçamento Encontre uma loja mais próxima Galeria Descrição O puff Amici conta com um design contemporâneo, marcado por linhas minimalistas","O puff Amici conta com um design contemporâneo, marcado por linhas minimalistas. Seu assento é redondo, estofado e generosamente acolchoado, proporcionando um excelente nível de conforto. Revestido em couro natural ou tecido, o assento exibe costuras marcadas em formato de cruz, que agregam textura e sofisticação à peça. A estrutura metálica com base circular e hastes inclinadas garante leveza visual e estabilidade. Compacto e versátil, o Amici é ideal para compor áreas de estar, quartos ou ambientes corporativos, funcionando tanto como assento extra quanto como peça decorativa. Personalizável em diversos acabamentos.",https://folioliving.com.br/assets/uploads/2024/09/1-10-scaled.jpg,"[""https://folioliving.com.br/assets/uploads/2024/09/6-3-scaled.jpg"", ""https://folioliving.com.br/assets/uploads/2024/09/4-5-scaled.jpg"", ""https://folioliving.com.br/assets/uploads/2024/09/1-11-scaled.jpg"", ""https://folioliving.com.br/assets/uploads/2024/09/7-5-scaled.jpg"", ""https://folioliving.com.br/assets/uploads/2024/09/5-5-scaled.jpg"", ""https://folioliving.com.br/assets/uploads/2024/09/3-5-scaled.jpg""]",,https://3dwarehouse.sketchup.com/model/a4b63f45-e47f-4fd0-a3ac-d63fea2d5542/Puff-Amici-Folio
Buffet Virtu Suspenso,Folio A partir de: R$21,Buffet,"180X042X040 *Mobiliário com ampla personalização, variando os valores de acordo com o acabamento e dimensão escolhidos* solicite seu orçamento Encontre uma loja mais próxima Galeria Descrição O buffet Virtu Suspenso conta com um design contemporâneo, marcado por linhas retas minimalistas","O buffet Virtu Suspenso conta com um design contemporâneo, marcado por linhas retas minimalistas. Com instalação suspensa, ele proporciona leveza visual ao ambiente e otimiza o aproveitamento do espaço. Suas portas lisas sem puxadores reforçam a estética limpa, enquanto o acabamento amadeirado realça a elegância natural da peça. Internamente, o Virtu Suspenso oferece prateleiras que ampliam sua funcionalidade, sendo ideal para armazenar utensílios, louças ou objetos diversos. Sua proposta une organização, praticidade e sofisticação atemporal. Personalizável em diversos acabamentos e cores.",https://folioliving.com.br/assets/uploads/2022/05/1-106.jpg,"[""https://folioliving.com.br/assets/uploads/2022/05/3-67.jpg""]",,https://3dwarehouse.sketchup.com/model/888dae34-3aaf-4607-b9b2-714fe9c192e4/Buffet-Suspenso-Virtu
Poltrona Spin,Folio A partir de: R$8,Poltrona,"087x085x062 *Mobiliário com ampla personalização, variando os valores de acordo com o acabamento e dimensão escolhidos* solicite seu orçamento Encontre uma loja mais próxima Galeria Descrição A poltrona Spin Giratória conta com um design contemporâneo, marcado por formas curvas e minimalistas","A poltrona Spin Giratória conta com um design contemporâneo, marcado por formas curvas e minimalistas. Seu assento amplo, redondo e generosamente estofado proporciona excelente conforto, enquanto o encosto levemente envolvente e os braços integrados criam uma silhueta acolhedora. A base giratória permite maior funcionalidade e dinamismo no uso, ideal para ambientes sociais ou de descanso. As almofadas soltas agregam volume e suavidade ao conjunto, reforçando sua proposta ergonômica. Personalizável em diversos tecidos e cores, a Spin adapta-se com facilidade a diferentes estilos de interiores, unindo versatilidade e sofisticação atemporal.",https://folioliving.com.br/assets/uploads/2023/04/7-2-scaled.jpg,"[""https://folioliving.com.br/assets/uploads/2023/04/6-9-scaled.jpg"", ""https://folioliving.com.br/assets/uploads/2023/04/3-14.jpg"", ""https://folioliving.com.br/assets/uploads/2023/04/5-10.jpg"", ""https://folioliving.com.br/assets/uploads/2023/04/2-15.jpg""]",,https://3dwarehouse.sketchup.com/model/d64bf55d-b032-4703-b09b-dbd541e77a07/Poltrona-Spin
Mesa de Cabeceira Bona,"Folio A partir de: R$8,424",Mesa,"060x050x060 *Mobiliário com ampla personalização, variando os valores de acordo com o acabamento e dimensão escolhidos* solicite seu orçamento Encontre uma loja mais próxima Galeria Descrição A mesa de cabeceira Bona apresenta um design contemporâneo e minimalista, com linhas retas e elegantes","A mesa de cabeceira Bona apresenta um design contemporâneo e minimalista, com linhas retas e elegantes. Seu visual limpo e sofisticado combina perfeitamente com diferentes estilos de decoração, oferecendo funcionalidade e estilo ao ambiente. Composta por duas gavetas, a Bona oferece excelente capacidade de armazenamento, mantendo os itens essenciais sempre ao alcance. As gavetas contam com corrediças metálicas que proporcionam um deslizamento suave e silencioso, garantindo praticidade no dia a dia. A base metálica em estrutura vazada confere leveza visual e estabilidade ao móvel, além de criar um contraste sutil com a madeira. Disponível em diversos tamanhos e cores.",https://folioliving.com.br/assets/uploads/2023/02/1-46.jpg,"[""https://folioliving.com.br/assets/uploads/2023/02/6-13.jpg"", ""https://folioliving.com.br/assets/uploads/2023/02/3-26.jpg"", ""https://folioliving.com.br/assets/uploads/2023/02/2-27.jpg"", ""https://folioliving.com.br/assets/uploads/2023/02/4-23.jpg"", ""https://folioliving.com.br/assets/uploads/2023/02/5-13.jpg"", ""https://folioliving.com.br/assets/uploads/2023/02/1-47.jpg""]",https://www.dropbox.com/scl/fi/ejzs063pgvv3cy6yllo24/Mesa_Cabeceira_BONA_2_gavetas_des_2D_Folio.jpg?rlkey=wawiq23iabugys0kfu48s5pnh&dl=0,https://3dwarehouse.sketchup.com/model/310c905c-304f-4495-bf23-03e5590f2bb5/Mesa-de-Cabeceira-Bona-Grupo-Arte-Nova
Vaso Lyla,Folio A partir de: R$9,Vaso,"045Øx042h *Mobiliário com ampla personalização, variando os valores de acordo com o acabamento e dimensão escolhidos* solicite seu orçamento Encontre uma loja mais próxima Galeria Descrição O vaso Lyla combina um design contemporâneo com um visual minimalista, marcado por formas cilíndricas puras e acabamento em granilite","O vaso Lyla combina um design contemporâneo com um visual minimalista, marcado por formas cilíndricas puras e acabamento em granilite. Seu estilo versátil e atemporal permite composições elegantes tanto em ambientes internos quanto externos. Fabricado em aço carbonol, o Lyla é ideal para acomodar diferentes tipos de plantas, de pequeno a médio porte. Sua estética limpa e neutra valoriza a vegetação, criando um contraste sofisticado entre o verde das folhas e a superfície clara do vaso. Disponível em múltiplos tamanhos e acabamentos.",https://folioliving.com.br/assets/uploads/2023/02/1-48.jpg,"[""https://folioliving.com.br/assets/uploads/2023/02/6-14.jpg"", ""https://folioliving.com.br/assets/uploads/2023/02/2-28.jpg"", ""https://folioliving.com.br/assets/uploads/2023/02/9-6.jpg"", ""https://folioliving.com.br/assets/uploads/2023/02/3-27.jpg"", ""https://folioliving.com.br/assets/uploads/2023/02/7-7.jpg"", ""https://folioliving.com.br/assets/uploads/2023/02/8-7.jpg""]",,https://3dwarehouse.sketchup.com/model/622b5cee-bdde-46b7-90de-4c19773ada5d/Vaso-Lyla
Poltrona Babi,Folio A partir de: R$6,Poltrona,"068x068x074 *Mobiliário com ampla personalização, variando os valores de acordo com o acabamento e dimensão escolhidos* solicite seu orçamento Encontre uma loja mais próxima Galeria Descrição A poltrona Babi conta com um design contemporâneo, marcado por linhas curvas suaves e uma estética minimalista","A poltrona Babi conta com um design contemporâneo, marcado por linhas curvas suaves e uma estética minimalista. Seu encosto arredondado e contínuo envolve o corpo com conforto e elegância, enquanto o assento é generosamente estofado, proporcionando uma experiência relaxante. Sua estrutura conta com uma base leve e pés metálicos esguios, que conferem sofisticação e leveza ao conjunto. Ideal para compor salas de estar, quartos ou ambientes de espera, a poltrona Babi se adapta com facilidade a diferentes estilos de decoração, unindo funcionalidade com um toque de elegância atemporal. Disponível em diversos acabamentos.",https://folioliving.com.br/assets/uploads/2022/06/1-182.jpg,"[""https://folioliving.com.br/assets/uploads/2022/06/5-54.jpg"", ""https://folioliving.com.br/assets/uploads/2022/06/3-110.jpg"", ""https://folioliving.com.br/assets/uploads/2022/06/2-117.jpg"", ""https://folioliving.com.br/assets/uploads/2022/06/4-88.jpg""]",,https://3dwarehouse.sketchup.com/model/8e47d3c5-73d0-46ac-b99d-5869ffbb4cff/Poltrona-Babi
Espelho Appare,Folio A partir de: R$7,Espelho,"080Ø *Mobiliário com ampla personalização, variando os valores de acordo com o acabamento e dimensão escolhidos* solicite seu orçamento Encontre uma loja mais próxima Galeria Descrição O espelho Appare conta com um design contemporâneo, marcado por linhas minimalistas","O espelho Appare conta com um design contemporâneo, marcado por linhas minimalistas. Com formato redondo e proporções equilibradas, ele é uma peça que transmite elegância e sofisticação com simplicidade. Sua moldura metálica fina contorna o espelho com leveza, criando um detalhe sutil que valoriza sua presença no ambiente. Versátil, o Appare pode ser utilizado em halls, lavabos, quartos ou composições decorativas, adaptando-se com facilidade a diferentes estilos de interiores. Une funcionalidade com elegância atemporal, sendo personalizável em diversos acabamentos e tamanhos.",https://folioliving.com.br/assets/uploads/2022/05/1-105.jpg,"[""https://folioliving.com.br/assets/uploads/2022/05/2-79.jpg""]",,https://3dwarehouse.sketchup.com/model/d1f762cd-ae9a-4088-963f-56df9eca2215/Espelho-Appare
Mesa de Jantar Don,Folio A partir de: R$21,Mesa de Jantar,"200X100x075 *Mobiliário com ampla personalização, variando os valores de acordo com o acabamento e dimensão escolhidos* solicite seu orçamento Encontre uma loja mais próxima Galeria Descrição A mesa de jantar Don conta com um design contemporâneo, marcado por formas orgânicas e proporções equilibradas","A mesa de jantar Don conta com um design contemporâneo, marcado por formas orgânicas e proporções equilibradas. Seu tampo oval em madeira com acabamento natural traz leveza visual, enquanto a base cônica em concreto traz solidez e sofisticação, criando um contraste elegante entre materiais. A Don oferece amplitude e conforto para refeições em grupo, sendo ideal para ambientes sociais e salas de jantar que valorizam tanto a estética quanto a funcionalidade. A base central permite melhor aproveitamento do espaço ao redor da mesa, garantindo liberdade de movimento e versatilidade na composição com diferentes cadeiras. Personalizável em diferentes cores de base e acabamentos do tampo.",https://folioliving.com.br/assets/uploads/2022/06/1-184.jpg,"[""https://folioliving.com.br/assets/uploads/2022/06/6-59.jpg"", ""https://folioliving.com.br/assets/uploads/2022/06/4-89.jpg"", ""https://folioliving.com.br/assets/uploads/2022/06/2-118.jpg"", ""https://folioliving.com.br/assets/uploads/2022/06/8-10.jpg"", ""https://folioliving.com.br/assets/uploads/2022/06/7-15.jpg"", ""https://folioliving.com.br/assets/uploads/2022/06/1-185.jpg""]",,https://3dwarehouse.sketchup.com/model/878d311a-c501-44be-803a-bc088e2b844c/Mesa-de-Jantar-Don-Oval
Mesa Lateral Flat,Folio A partir de: R$5,Mesa Lateral,"040x040x045 *Mobiliário com ampla personalização, variando os valores de acordo com o acabamento e dimensão escolhidos* solicite seu orçamento Encontre uma loja mais próxima Galeria Descrição A mesa lateral Flat apresenta um design contemporâneo, leve e funcional, ideal para complementar sofás, poltronas e ambientes versáteis","A mesa lateral Flat apresenta um design contemporâneo, leve e funcional, ideal para complementar sofás, poltronas e ambientes versáteis. Com linhas retas e estrutura esbelta, ela combina estética minimalista com praticidade no uso cotidiano. Disponível em duas versões de tampo — quadrado e redondo — a Flat se adapta com facilidade a diferentes propostas de interiores, sendo perfeita para apoiar objetos decorativos, bebidas ou eletrônicos. Sua base metálica plana e fina permite encaixe parcial sob sofás e poltronas, otimizando espaço e facilitando o alcance.",https://folioliving.com.br/assets/uploads/2022/06/1-189.jpg,"[""https://folioliving.com.br/assets/uploads/2022/06/9-14-scaled.jpg"", ""https://folioliving.com.br/assets/uploads/2022/06/8-16-scaled.jpg"", ""https://folioliving.com.br/assets/uploads/2022/06/5-56.jpg"", ""https://folioliving.com.br/assets/uploads/2022/06/3-111.jpg"", ""https://folioliving.com.br/assets/uploads/2022/06/2-121.jpg"", ""https://folioliving.com.br/assets/uploads/2022/06/6-60.jpg"", ""https://folioliving.com.br/assets/uploads/2022/06/7-16.jpg"", ""https://folioliving.com.br/assets/uploads/2022/06/1-190.jpg""]",https://www.dropbox.com/scl/fi/o36vfklptgw86zesflpxj/Mesa_Lateral_ELLE_des_2D_Folio.jpg?rlkey=v7x8to2saalf9kgmr7eluu3vz&dl=0,https://3dwarehouse.sketchup.com/model/b8472d45-da0c-44b4-9a5b-6712bce1d73a/Mesas-Laterais-Flat
Mesa de Centro Island,Folio A partir de: R$10,Mesa de Centro,"140x110x030 *Mobiliário com ampla personalização, variando os valores de acordo com o acabamento e dimensão escolhidos* solicite seu orçamento Encontre uma loja mais próxima Galeria Descrição A mesa de centro Island aposta em formas orgânicas e uma presença sólida para compor ambientes com sofisticação","A mesa de centro Island aposta em formas orgânicas e uma presença sólida para compor ambientes com sofisticação. Seu tampo assimétrico remete à textura de rochas naturais, enquanto a base cilíndrica adiciona estabilidade e contraste visual. Combinando materiais de caráter bruto e elegante, a Island é uma peça que se destaca tanto isoladamente quanto em composição com outras mesas da linha. Seu design limpo e escultural reforça a ideia de um mobiliário atemporal, ideal para espaços que valorizam equilíbrio entre forma e matéria. Disponível em múltiplos tamanhos e acabamentos.",https://folioliving.com.br/assets/uploads/2025/05/cadeira-legiti-perfu-1.jpg,"[""https://folioliving.com.br/assets/uploads/2025/05/9-1.jpg"", ""https://folioliving.com.br/assets/uploads/2025/05/5-4-scaled.jpg"", ""https://folioliving.com.br/assets/uploads/2025/05/3-6.jpg"", ""https://folioliving.com.br/assets/uploads/2025/05/2-9.jpg""]",,https://3dwarehouse.sketchup.com/model/d3cbfc52-274c-4aab-9777-ec64894a4e3b/Mesa-de-Centro-Island
Banco Dubb,Folio A partir de: R$9,Banco,"180x035x045 *Mobiliário com ampla personalização, variando os valores de acordo com o acabamento e dimensão escolhidos* solicite seu orçamento Encontre uma loja mais próxima Galeria Descrição O banco Dubb apresenta um design contemporâneo, marcado por linhas retas e minimalistas","O banco Dubb apresenta um design contemporâneo, marcado por linhas retas e minimalistas. Seu assento estofado proporciona conforto com elegância, enquanto a estrutura metálica vazada confere leveza visual e versatilidade ao conjunto. Com proporções bem definidas e traços sutis, o Dubb se adapta com facilidade a diferentes ambientes — desde halls de entrada e áreas sociais até dormitórios e espaços comerciais. Seu visual limpo valoriza a composição do espaço, funcionando como um apoio funcional e decorativo. Personalizável em diversos tamanhos e acabamentos.",https://folioliving.com.br/assets/uploads/2022/05/13-2.jpg,"[""https://folioliving.com.br/assets/uploads/2022/05/17-1-scaled.jpg"", ""https://folioliving.com.br/assets/uploads/2022/05/15-1-scaled.jpg"", ""https://folioliving.com.br/assets/uploads/2022/05/2-81.jpg"", ""https://folioliving.com.br/assets/uploads/2022/05/3-69.jpg"", ""https://folioliving.com.br/assets/uploads/2022/05/9-6.jpg"", ""https://folioliving.com.br/assets/uploads/2022/05/16-1-scaled.jpg""]",,https://3dwarehouse.sketchup.com/model/3963a84e-1db1-4d45-8375-c0294f8fe48c/Banco-Dubb-Folio
Espelho Palla,Folio A partir de: R$4,Espelho,"060X050 *Mobiliário com ampla personalização, variando os valores de acordo com o acabamento e dimensão escolhidos* solicite seu orçamento Encontre uma loja mais próxima Galeria Descrição O espelho Palla conta com um design contemporâneo, marcado por linhas suaves e minimalistas","O espelho Palla conta com um design contemporâneo, marcado por linhas suaves e minimalistas. Sua forma orgânica arredondada oferece um visual fluido e descontraído, perfeito para composições modernas e ambientes com personalidade. A moldura sutil com acabamento fosco abraça o espelho de forma delicada, criando um contraste leve e elegante. Ideal para halls, quartos, banheiros ou espaços sociais, o Palla traz versatilidade e charme ao ambiente. Une funcionalidade com elegância atemporal, adaptando-se com facilidade a diferentes estilos de decoração. Personalizável em diversos acabamentos.",https://folioliving.com.br/assets/uploads/2022/05/1-103.jpg,"[""https://folioliving.com.br/assets/uploads/2022/05/3-71-scaled.jpg"", ""https://folioliving.com.br/assets/uploads/2022/05/4-56-scaled.jpg"", ""https://folioliving.com.br/assets/uploads/2022/05/2-77.jpg""]",,https://3dwarehouse.sketchup.com/model/bb1c5528-0417-4138-8ec7-24e4fe772484/Espelho-Palla
Mesa de Jantar Orion,Folio + Neriage A partir de: R$62,Mesa de Jantar,"240x120x076 *Mobiliário com ampla personalização, variando os valores de acordo com o acabamento e dimensão escolhidos* solicite seu orçamento Encontre uma loja mais próxima Galeria Descrição Com formas orgânicas e materiais cuidadosamente escolhidos, a mesa de jantar Orion expressa equilíbrio entre estrutura e suavidade","Com formas orgânicas e materiais cuidadosamente escolhidos, a mesa de jantar Orion expressa equilíbrio entre estrutura e suavidade. O tampo em madeira, de contorno fluido e perfil delgado, valoriza a leveza visual da peça e ressalta a textura natural do material. A base curva é revestida em couro plissado, trazendo movimento e um refinamento artesanal que remete ao universo da moda. As pregas verticais criam uma superfície dinâmica e tátil, que contrasta com a pureza do tampo e reforça a identidade única da mesa. Disponível em múltiplos tamanhos e acabamentos.",https://folioliving.com.br/assets/uploads/2025/05/4-5.jpg,"[""https://folioliving.com.br/assets/uploads/2025/05/5-3.jpg"", ""https://folioliving.com.br/assets/uploads/2025/05/3-5.jpg"", ""https://folioliving.com.br/assets/uploads/2025/05/2-7.jpg"", ""https://folioliving.com.br/assets/uploads/2025/05/6-3.jpg""]",,https://3dwarehouse.sketchup.com/model/5be7a401-f354-4fe7-8c51-e896dce6e48a/Mesa-de-Jantar-Orion-Plissados
Puff Dubb,Folio A partir de: R$3,Puff,"050x050x041 *Mobiliário com ampla personalização, variando os valores de acordo com o acabamento e dimensão escolhidos* solicite seu orçamento Encontre uma loja mais próxima Galeria Descrição O puff Dubb é uma peça de design minimalista que alia leveza estrutural e sofisticação nos detalhes","O puff Dubb é uma peça de design minimalista que alia leveza estrutural e sofisticação nos detalhes. Seu formato cúbico é composto por uma base metálica em estrutura aberta, com perfis delgados que formam um contorno geométrico limpo e elegante. Essa base confere leveza visual e estabilidade ao conjunto, além de evidenciar o cuidado construtivo e a precisão nas junções. Disponível em dois tamanhos e múltiplos acabamentos.",https://folioliving.com.br/assets/uploads/2025/04/1-18.jpg,"[""https://folioliving.com.br/assets/uploads/2025/04/2-10.jpg"", ""https://folioliving.com.br/assets/uploads/2025/04/1-19.jpg""]",https://www.dropbox.com/scl/fo/g51fkor1tc2rznks163q3/ANRdlAWrh2nOoJi8eGkZpBI?rlkey=78hhx1j64wo1kys9yz80i41f5&st=vpx6wk52&dl=0,https://3dwarehouse.sketchup.com/model/82552daf-ba04-4cab-b6f4-fdfc28f7071b/Puff-Dubb-Folio
Poltrona Refúgio,Henrique Steyer A partir de: R$ 14,Poltrona,"072x090x079 *Mobiliário com ampla personalização, variando os valores de acordo com o acabamento e dimensão escolhidos* solicite seu orçamento Encontre uma loja mais próxima Galeria Descrição A Poltrona Refúgio nasce do encontro entre memória e contemporaneidade","A Poltrona Refúgio nasce do encontro entre memória e contemporaneidade. Inspirada no clássico formato das poltronas de balanço antigas, carrega afeto e lembrança em uma linguagem atual, de linhas limpas e proporções equilibradas. Sua base em madeira, de curvas suaves, transmite solidez e leveza, enquanto o assento generoso e o encosto envolvente, estofados em tecido, ampliam a sensação de intimidade e transformam o sentar em ritual de pausa. Refúgio é memória reinventada: aconchego da tradição com olhar contemporâneo, dialogando tanto com espaços minimalistas quanto com ambientes carregados de história. Mais que mobiliário, é um convite a desacelerar e se habitar. Disponível em tamanho único.",https://folioliving.com.br/assets/uploads/2025/09/1-8-scaled.jpg,"[""https://folioliving.com.br/assets/uploads/2025/09/7-3-scaled.jpg"", ""https://folioliving.com.br/assets/uploads/2025/09/4-4-scaled.jpg"", ""https://folioliving.com.br/assets/uploads/2025/09/2-4-scaled.jpg"", ""https://folioliving.com.br/assets/uploads/2025/09/6-3-scaled.jpg"", ""https://folioliving.com.br/assets/uploads/2025/09/3-4-scaled.jpg"", ""https://folioliving.com.br/assets/uploads/2025/09/5-4-scaled.jpg"", ""https://folioliving.com.br/assets/uploads/2025/09/9-1-scaled.jpg"", ""https://folioliving.com.br/assets/uploads/2025/09/10-1-scaled.jpg""]",,https://3dwarehouse.sketchup.com/model/1d2e3efb-ae3d-4e30-942e-01345aff5d64/Poltrona-Ref%C3%BAgio
Sofá Ferrara,Folio A partir de: R$15,Sofá,"254x086x082x220 *Mobiliário com ampla personalização, variando os valores de acordo com o acabamento e dimensão escolhidos* solicite seu orçamento Encontre uma loja mais próxima Galeria Descrição O sofá Ferrara apresenta um design contemporâneo com traços precisos e proporções bem resolvidas, unindo elegância minimalista a conforto funcional","O sofá Ferrara apresenta um design contemporâneo com traços precisos e proporções bem resolvidas, unindo elegância minimalista a conforto funcional. Com linhas retas e volumes definidos, ele destaca-se pelo assento amplo e encosto generoso com almofadas soltas, que proporcionam apoio ergonômico e uma estética acolhedora. Seus braços largos e geométricos reforçam a linguagem arquitetônica da peça, ao passo que os pés metálicos altos e levemente afilados conferem leveza visual e facilitam a limpeza do ambiente. Disponível em diversos tamanhos e acabamentos.",https://folioliving.com.br/assets/uploads/2025/04/1-17.jpg,"[""https://folioliving.com.br/assets/uploads/2025/04/2-9.jpg"", ""https://folioliving.com.br/assets/uploads/2025/04/3-9.jpg""]",https://www.dropbox.com/scl/fo/zkja0qigxemflsc3hupwz/ANodkjfl1qCDwOzGSGiEl98?rlkey=t7ik2zm45uqv6fm42qt7qsf57&st=cnqilort&dl=0,https://3dwarehouse.sketchup.com/model/31efb46f-96bd-45dd-8005-a05af4127611/Sof%C3%A1-Ferrara-Folio
